timestamp,tank_id,current_fill_litres,fill_percentage,predicted_fill_litres,predicted_fill_pct,predicted_risk_level,alert_priority,time_to_empty_hours,refill_needed_flag,consumption_per_interval_L,consumption_rate_Lps,total_volume_all_tanks_L,sensor_status,prediction_error_L
2026-04-08 08:37:43+00:00,TANK_01,45583.25,90.69,42154.46,83.86,NORMAL,1,999.0,0,0,0,145855.35,OK,-3428.79
2026-04-08 08:37:43+00:00,TANK_02,50136.05,99.74,49646.11,98.77,NORMAL,1,999.0,0,0,0,145855.35,OK,-489.94
2026-04-08 08:37:43+00:00,TANK_03,50136.05,99.74,49646.11,98.77,NORMAL,1,999.0,0,0,0,145855.35,OK,-489.94
2026-04-08 08:38:03+00:00,TANK_01,45583.25,90.69,42154.46,83.86,NORMAL,1,999.0,0,0,0,145855.35,OK,-3428.79
2026-04-08 08:38:03+00:00,TANK_02,50136.05,99.74,49646.11,98.77,NORMAL,1,999.0,0,0,0,145855.35,OK,-489.94
2026-04-08 08:38:03+00:00,TANK_03,50136.05,99.74,49646.11,98.77,NORMAL,1,999.0,0,0,0,145855.35,OK,-489.94
2026-04-08 08:38:22+00:00,TANK_01,45583.25,90.69,42154.46,83.86,NORMAL,1,999.0,0,0,0,145855.35,OK,-3428.79
2026-04-08 08:38:22+00:00,TANK_02,50136.05,99.74,49646.11,98.77,NORMAL,1,999.0,0,0,0,145855.35,OK,-489.94
2026-04-08 08:38:22+00:00,TANK_03,50136.05,99.74,49646.11,98.77,NORMAL,1,999.0,0,0,0,145855.35,OK,-489.94
2026-04-08 08:38:39+00:00,TANK_01,45583.25,90.69,42154.46,83.86,NORMAL,1,999.0,0,0,0,145855.35,OK,-3428.79
2026-04-08 08:38:39+00:00,TANK_02,50136.05,99.74,49646.11,98.77,NORMAL,1,999.0,0,0,0,145855.35,OK,-489.94
2026-04-08 08:38:39+00:00,TANK_03,50136.05,99.74,49646.11,98.77,NORMAL,1,999.0,0,0,0,145855.35,OK,-489.94
2026-04-08 08:38:56+00:00,TANK_01,45583.25,90.69,42154.46,83.86,NORMAL,1,999.0,0,0,0,145855.35,OK,-3428.79
2026-04-08 08:38:56+00:00,TANK_02,50136.05,99.74,49646.11,98.77,NORMAL,1,999.0,0,0,0,145855.35,OK,-489.94
2026-04-08 08:38:56+00:00,TANK_03,50136.05,99.74,49646.11,98.77,NORMAL,1,999.0,0,0,0,145855.35,OK,-489.94
2026-04-08 08:39:14+00:00,TANK_01,45583.25,90.69,42154.46,83.86,NORMAL,1,999.0,0,0,0,145855.35,OK,-3428.79
2026-04-08 08:39:14+00:00,TANK_02,50136.05,99.74,49646.11,98.77,NORMAL,1,999.0,0,0,0,145855.35,OK,-489.94
2026-04-08 08:39:14+00:00,TANK_03,50136.05,99.74,49646.11,98.77,NORMAL,1,999.0,0,0,0,145855.35,OK,-489.94
2026-04-08 08:39:31+00:00,TANK_01,45583.25,90.69,42154.46,83.86,NORMAL,1,999.0,0,0,0,145855.35,OK,-3428.79
2026-04-08 08:39:31+00:00,TANK_02,50136.05,99.74,49646.11,98.77,NORMAL,1,999.0,0,0,0,145855.35,OK,-489.94
2026-04-08 08:39:31+00:00,TANK_03,50136.05,99.74,49646.11,98.77,NORMAL,1,999.0,0,0,0,145855.35,OK,-489.94
2026-04-08 08:39:48+00:00,TANK_01,45583.25,90.69,42154.46,83.86,NORMAL,1,999.0,0,0,0,145855.35,OK,-3428.79
2026-04-08 08:39:48+00:00,TANK_02,50136.05,99.74,49646.11,98.77,NORMAL,1,999.0,0,0,0,145855.35,OK,-489.94
2026-04-08 08:39:48+00:00,TANK_03,50136.05,99.74,49646.11,98.77,NORMAL,1,999.0,0,0,0,145855.35,OK,-489.94
2026-04-08 08:40:05+00:00,TANK_01,45583.25,90.69,42154.46,83.86,NORMAL,1,999.0,0,0,0,145855.35,OK,-3428.79
2026-04-08 08:40:05+00:00,TANK_02,50136.05,99.74,49646.11,98.77,NORMAL,1,999.0,0,0,0,145855.35,OK,-489.94
2026-04-08 08:40:05+00:00,TANK_03,50136.05,99.74,49646.11,98.77,NORMAL,1,999.0,0,0,0,145855.35,OK,-489.94
2026-04-08 08:40:23+00:00,TANK_01,45583.25,90.69,42154.46,83.86,NORMAL,1,999.0,0,0,0,145855.35,OK,-3428.79
2026-04-08 08:40:23+00:00,TANK_02,50136.05,99.74,49646.11,98.77,NORMAL,1,999.0,0,0,0,145855.35,OK,-489.94
2026-04-08 08:40:23+00:00,TANK_03,50136.05,99.74,49646.11,98.77,NORMAL,1,999.0,0,0,0,145855.35,OK,-489.94
2026-04-08 08:40:40+00:00,TANK_01,45583.25,90.69,42154.46,83.86,NORMAL,1,999.0,0,0,0,145855.35,OK,-3428.79
2026-04-08 08:40:40+00:00,TANK_02,50136.05,99.74,49646.11,98.77,NORMAL,1,999.0,0,0,0,145855.35,OK,-489.94
2026-04-08 08:40:40+00:00,TANK_03,50136.05,99.74,49646.11,98.77,NORMAL,1,999.0,0,0,0,145855.35,OK,-489.94
2026-04-08 08:40:57+00:00,TANK_01,45583.25,90.69,42154.46,83.86,NORMAL,1,999.0,0,0,0,145855.35,OK,-3428.79
2026-04-08 08:40:57+00:00,TANK_02,50136.05,99.74,49646.11,98.77,NORMAL,1,999.0,0,0,0,145855.35,OK,-489.94
2026-04-08 08:40:57+00:00,TANK_03,50136.05,99.74,49646.11,98.77,NORMAL,1,999.0,0,0,0,145855.35,OK,-489.94
2026-04-08 08:41:15+00:00,TANK_01,45583.25,90.69,42154.46,83.86,NORMAL,1,999.0,0,0,0,145855.35,OK,-3428.79
2026-04-08 08:41:15+00:00,TANK_02,50136.05,99.74,49646.11,98.77,NORMAL,1,999.0,0,0,0,145855.35,OK,-489.94
2026-04-08 08:41:15+00:00,TANK_03,50136.05,99.74,49646.11,98.77,NORMAL,1,999.0,0,0,0,145855.35,OK,-489.94
2026-04-08 08:41:32+00:00,TANK_01,45583.25,90.69,42154.46,83.86,NORMAL,1,999.0,0,0,0,145855.35,OK,-3428.79
2026-04-08 08:41:32+00:00,TANK_02,50136.05,99.74,49646.11,98.77,NORMAL,1,999.0,0,0,0,145855.35,OK,-489.94
2026-04-08 08:41:32+00:00,TANK_03,50136.05,99.74,49646.11,98.77,NORMAL,1,999.0,0,0,0,145855.35,OK,-489.94
2026-04-08 08:41:49+00:00,TANK_01,45583.25,90.69,42154.46,83.86,NORMAL,1,999.0,0,0,0,145855.35,OK,-3428.79
2026-04-08 08:41:49+00:00,TANK_02,50136.05,99.74,49646.11,98.77,NORMAL,1,999.0,0,0,0,145855.35,OK,-489.94
2026-04-08 08:41:49+00:00,TANK_03,50136.05,99.74,49646.11,98.77,NORMAL,1,999.0,0,0,0,145855.35,OK,-489.94
2026-04-08 08:42:06+00:00,TANK_01,45583.25,90.69,42154.46,83.86,NORMAL,1,999.0,0,0,0,145855.35,OK,-3428.79
2026-04-08 08:42:06+00:00,TANK_02,50136.05,99.74,49646.11,98.77,NORMAL,1,999.0,0,0,0,145855.35,OK,-489.94
2026-04-08 08:42:06+00:00,TANK_03,50136.05,99.74,49646.11,98.77,NORMAL,1,999.0,0,0,0,145855.35,OK,-489.94
2026-04-08 08:42:24+00:00,TANK_01,45583.25,90.69,42154.46,83.86,NORMAL,1,999.0,0,0,0,145855.35,OK,-3428.79
2026-04-08 08:42:24+00:00,TANK_02,50136.05,99.74,49646.11,98.77,NORMAL,1,999.0,0,0,0,145855.35,OK,-489.94
2026-04-08 08:42:24+00:00,TANK_03,50136.05,99.74,49646.11,98.77,NORMAL,1,999.0,0,0,0,145855.35,OK,-489.94
2026-04-08 08:42:41+00:00,TANK_01,45583.25,90.69,42154.46,83.86,NORMAL,1,999.0,0,0,0,145855.35,OK,-3428.79
2026-04-08 08:42:41+00:00,TANK_02,50136.05,99.74,49646.11,98.77,NORMAL,1,999.0,0,0,0,145855.35,OK,-489.94
2026-04-08 08:42:41+00:00,TANK_03,50136.05,99.74,49646.11,98.77,NORMAL,1,999.0,0,0,0,145855.35,OK,-489.94
2026-04-08 08:42:59+00:00,TANK_01,45583.25,90.69,42154.46,83.86,NORMAL,1,999.0,0,0,0,145855.35,OK,-3428.79
2026-04-08 08:42:59+00:00,TANK_02,50136.05,99.74,49646.11,98.77,NORMAL,1,999.0,0,0,0,145855.35,OK,-489.94
2026-04-08 08:42:59+00:00,TANK_03,50136.05,99.74,49646.11,98.77,NORMAL,1,999.0,0,0,0,145855.35,OK,-489.94
2026-04-08 08:43:16+00:00,TANK_01,45583.25,90.69,42154.46,83.86,NORMAL,1,999.0,0,0,0,145855.35,OK,-3428.79
2026-04-08 08:43:16+00:00,TANK_02,50136.05,99.74,49646.11,98.77,NORMAL,1,999.0,0,0,0,145855.35,OK,-489.94
2026-04-08 08:43:16+00:00,TANK_03,50136.05,99.74,49646.11,98.77,NORMAL,1,999.0,0,0,0,145855.35,OK,-489.94
2026-04-08 08:43:33+00:00,TANK_01,45583.25,90.69,42154.46,83.86,NORMAL,1,999.0,0,0,0,145855.35,OK,-3428.79
2026-04-08 08:43:33+00:00,TANK_02,50136.05,99.74,49646.11,98.77,NORMAL,1,999.0,0,0,0,145855.35,OK,-489.94
2026-04-08 08:43:33+00:00,TANK_03,50136.05,99.74,49646.11,98.77,NORMAL,1,999.0,0,0,0,145855.35,OK,-489.94
2026-04-08 08:43:51+00:00,TANK_01,45583.25,90.69,42154.46,83.86,NORMAL,1,999.0,0,0,0,145855.35,OK,-3428.79
2026-04-08 08:43:51+00:00,TANK_02,50136.05,99.74,49646.11,98.77,NORMAL,1,999.0,0,0,0,145855.35,OK,-489.94
2026-04-08 08:43:51+00:00,TANK_03,50136.05,99.74,49646.11,98.77,NORMAL,1,999.0,0,0,0,145855.35,OK,-489.94
2026-04-08 08:44:08+00:00,TANK_01,45583.25,90.69,42154.46,83.86,NORMAL,1,999.0,0,0,0,145855.35,OK,-3428.79
2026-04-08 08:44:08+00:00,TANK_02,50136.05,99.74,49646.11,98.77,NORMAL,1,999.0,0,0,0,145855.35,OK,-489.94
2026-04-08 08:44:08+00:00,TANK_03,50136.05,99.74,49646.11,98.77,NORMAL,1,999.0,0,0,0,145855.35,OK,-489.94
2026-04-08 08:44:26+00:00,TANK_01,45583.25,90.69,42154.46,83.86,NORMAL,1,999.0,0,0,0,145855.35,OK,-3428.79
2026-04-08 08:44:26+00:00,TANK_02,50136.05,99.74,49646.11,98.77,NORMAL,1,999.0,0,0,0,145855.35,OK,-489.94
2026-04-08 08:44:26+00:00,TANK_03,50136.05,99.74,49646.11,98.77,NORMAL,1,999.0,0,0,0,145855.35,OK,-489.94
2026-04-08 08:44:42+00:00,TANK_01,45583.25,90.69,42154.46,83.86,NORMAL,1,999.0,0,0,0,145855.35,OK,-3428.79
2026-04-08 08:44:42+00:00,TANK_02,50136.05,99.74,49646.11,98.77,NORMAL,1,999.0,0,0,0,145855.35,OK,-489.94
2026-04-08 08:44:42+00:00,TANK_03,50136.05,99.74,49646.11,98.77,NORMAL,1,999.0,0,0,0,145855.35,OK,-489.94
2026-04-08 08:45:00+00:00,TANK_01,45583.25,90.69,42154.46,83.86,NORMAL,1,999.0,0,0,0,145855.35,OK,-3428.79
2026-04-08 08:45:00+00:00,TANK_02,50136.05,99.74,49646.11,98.77,NORMAL,1,999.0,0,0,0,145855.35,OK,-489.94
2026-04-08 08:45:00+00:00,TANK_03,50136.05,99.74,49646.11,98.77,NORMAL,1,999.0,0,0,0,145855.35,OK,-489.94
2026-04-08 08:45:18+00:00,TANK_01,45583.25,90.69,42154.46,83.86,NORMAL,1,999.0,0,0,0,145855.35,OK,-3428.79
2026-04-08 08:45:18+00:00,TANK_02,50136.05,99.74,49646.11,98.77,NORMAL,1,999.0,0,0,0,145855.35,OK,-489.94
2026-04-08 08:45:18+00:00,TANK_03,50136.05,99.74,49646.11,98.77,NORMAL,1,999.0,0,0,0,145855.35,OK,-489.94
2026-04-08 08:45:35+00:00,TANK_01,45583.25,90.69,42154.46,83.86,NORMAL,1,999.0,0,0,0,145855.35,OK,-3428.79
2026-04-08 08:45:35+00:00,TANK_02,50136.05,99.74,49646.11,98.77,NORMAL,1,999.0,0,0,0,145855.35,OK,-489.94
2026-04-08 08:45:35+00:00,TANK_03,50136.05,99.74,49646.11,98.77,NORMAL,1,999.0,0,0,0,145855.35,OK,-489.94
2026-04-08 08:45:52+00:00,TANK_01,45583.25,90.69,42154.46,83.86,NORMAL,1,999.0,0,0,0,145855.35,OK,-3428.79
2026-04-08 08:45:52+00:00,TANK_02,50136.05,99.74,49646.11,98.77,NORMAL,1,999.0,0,0,0,145855.35,OK,-489.94
2026-04-08 08:45:52+00:00,TANK_03,50136.05,99.74,49646.11,98.77,NORMAL,1,999.0,0,0,0,145855.35,OK,-489.94
2026-04-08 08:46:09+00:00,TANK_01,45583.25,90.69,42154.46,83.86,NORMAL,1,999.0,0,0,0,145855.35,OK,-3428.79
2026-04-08 08:46:09+00:00,TANK_02,50136.05,99.74,49646.11,98.77,NORMAL,1,999.0,0,0,0,145855.35,OK,-489.94
2026-04-08 08:46:09+00:00,TANK_03,50136.05,99.74,49646.11,98.77,NORMAL,1,999.0,0,0,0,145855.35,OK,-489.94
2026-04-08 08:46:26+00:00,TANK_01,45583.25,90.69,42154.46,83.86,NORMAL,1,999.0,0,0,0,145855.35,OK,-3428.79
2026-04-08 08:46:26+00:00,TANK_02,50136.05,99.74,49646.11,98.77,NORMAL,1,999.0,0,0,0,145855.35,OK,-489.94
2026-04-08 08:46:26+00:00,TANK_03,50136.05,99.74,49646.11,98.77,NORMAL,1,999.0,0,0,0,145855.35,OK,-489.94
2026-04-08 08:46:44+00:00,TANK_01,45583.25,90.69,42154.46,83.86,NORMAL,1,999.0,0,0,0,145855.35,OK,-3428.79
2026-04-08 08:46:44+00:00,TANK_02,50136.05,99.74,49646.11,98.77,NORMAL,1,999.0,0,0,0,145855.35,OK,-489.94
2026-04-08 08:46:44+00:00,TANK_03,50136.05,99.74,49646.11,98.77,NORMAL,1,999.0,0,0,0,145855.35,OK,-489.94
2026-04-08 08:47:02+00:00,TANK_01,45583.25,90.69,42154.46,83.86,NORMAL,1,999.0,0,0,0,145855.35,OK,-3428.79
2026-04-08 08:47:02+00:00,TANK_02,50136.05,99.74,49646.11,98.77,NORMAL,1,999.0,0,0,0,145855.35,OK,-489.94
2026-04-08 08:47:02+00:00,TANK_03,50136.05,99.74,49646.11,98.77,NORMAL,1,999.0,0,0,0,145855.35,OK,-489.94
2026-04-08 08:47:19+00:00,TANK_01,45583.25,90.69,42154.46,83.86,NORMAL,1,999.0,0,0,0,145855.35,OK,-3428.79
2026-04-08 08:47:19+00:00,TANK_02,50136.05,99.74,49646.11,98.77,NORMAL,1,999.0,0,0,0,145855.35,OK,-489.94
2026-04-08 08:47:19+00:00,TANK_03,50136.05,99.74,49646.11,98.77,NORMAL,1,999.0,0,0,0,145855.35,OK,-489.94
2026-04-08 08:47:37+00:00,TANK_01,45583.25,90.69,42154.46,83.86,NORMAL,1,999.0,0,0,0,145855.35,OK,-3428.79
2026-04-08 08:47:37+00:00,TANK_02,50136.05,99.74,49646.11,98.77,NORMAL,1,999.0,0,0,0,145855.35,OK,-489.94
2026-04-08 08:47:37+00:00,TANK_03,50136.05,99.74,49646.11,98.77,NORMAL,1,999.0,0,0,0,145855.35,OK,-489.94
2026-04-08 08:47:54+00:00,TANK_01,45583.25,90.69,42154.46,83.86,NORMAL,1,999.0,0,0,0,145855.35,OK,-3428.79
2026-04-08 08:47:54+00:00,TANK_02,50136.05,99.74,49646.11,98.77,NORMAL,1,999.0,0,0,0,145855.35,OK,-489.94
2026-04-08 08:47:54+00:00,TANK_03,50136.05,99.74,49646.11,98.77,NORMAL,1,999.0,0,0,0,145855.35,OK,-489.94
2026-04-08 08:48:11+00:00,TANK_01,45583.25,90.69,42154.46,83.86,NORMAL,1,999.0,0,0,0,145855.35,OK,-3428.79
2026-04-08 08:48:11+00:00,TANK_02,50136.05,99.74,49646.11,98.77,NORMAL,1,999.0,0,0,0,145855.35,OK,-489.94
2026-04-08 08:48:11+00:00,TANK_03,50136.05,99.74,49646.11,98.77,NORMAL,1,999.0,0,0,0,145855.35,OK,-489.94
2026-04-08 08:48:28+00:00,TANK_01,45583.25,90.69,42154.46,83.86,NORMAL,1,999.0,0,0,0,145855.35,OK,-3428.79
2026-04-08 08:48:28+00:00,TANK_02,50136.05,99.74,49646.11,98.77,NORMAL,1,999.0,0,0,0,145855.35,OK,-489.94
2026-04-08 08:48:28+00:00,TANK_03,50136.05,99.74,49646.11,98.77,NORMAL,1,999.0,0,0,0,145855.35,OK,-489.94
2026-04-08 08:48:45+00:00,TANK_01,45583.25,90.69,42154.46,83.86,NORMAL,1,999.0,0,0,0,145855.35,OK,-3428.79
2026-04-08 08:48:45+00:00,TANK_02,50136.05,99.74,49646.11,98.77,NORMAL,1,999.0,0,0,0,145855.35,OK,-489.94
2026-04-08 08:48:45+00:00,TANK_03,50136.05,99.74,49646.11,98.77,NORMAL,1,999.0,0,0,0,145855.35,OK,-489.94
2026-04-08 08:49:02+00:00,TANK_01,45583.25,90.69,42154.46,83.86,NORMAL,1,999.0,0,0,0,145855.35,OK,-3428.79
2026-04-08 08:49:02+00:00,TANK_02,50136.05,99.74,49646.11,98.77,NORMAL,1,999.0,0,0,0,145855.35,OK,-489.94
2026-04-08 08:49:02+00:00,TANK_03,50136.05,99.74,49646.11,98.77,NORMAL,1,999.0,0,0,0,145855.35,OK,-489.94
2026-04-08 08:49:19+00:00,TANK_01,45583.25,90.69,42154.46,83.86,NORMAL,1,999.0,0,0,0,145855.35,OK,-3428.79
2026-04-08 08:49:19+00:00,TANK_02,50136.05,99.74,49646.11,98.77,NORMAL,1,999.0,0,0,0,145855.35,OK,-489.94
2026-04-08 08:49:19+00:00,TANK_03,50136.05,99.74,49646.11,98.77,NORMAL,1,999.0,0,0,0,145855.35,OK,-489.94
2026-04-08 08:49:36+00:00,TANK_01,45583.25,90.69,42154.46,83.86,NORMAL,1,999.0,0,0,0,145855.35,OK,-3428.79
2026-04-08 08:49:36+00:00,TANK_02,50136.05,99.74,49646.11,98.77,NORMAL,1,999.0,0,0,0,145855.35,OK,-489.94
2026-04-08 08:49:36+00:00,TANK_03,50136.05,99.74,49646.11,98.77,NORMAL,1,999.0,0,0,0,145855.35,OK,-489.94
2026-04-08 08:49:53+00:00,TANK_01,45583.25,90.69,42154.46,83.86,NORMAL,1,999.0,0,0,0,145855.35,OK,-3428.79
2026-04-08 08:49:53+00:00,TANK_02,50136.05,99.74,49646.11,98.77,NORMAL,1,999.0,0,0,0,145855.35,OK,-489.94
2026-04-08 08:49:53+00:00,TANK_03,50136.05,99.74,49646.11,98.77,NORMAL,1,999.0,0,0,0,145855.35,OK,-489.94
2026-04-08 08:50:11+00:00,TANK_01,45583.25,90.69,42154.46,83.86,NORMAL,1,999.0,0,0,0,145855.35,OK,-3428.79
2026-04-08 08:50:11+00:00,TANK_02,50136.05,99.74,49646.11,98.77,NORMAL,1,999.0,0,0,0,145855.35,OK,-489.94
2026-04-08 08:50:11+00:00,TANK_03,50136.05,99.74,49646.11,98.77,NORMAL,1,999.0,0,0,0,145855.35,OK,-489.94
2026-04-08 08:50:29+00:00,TANK_01,45583.25,90.69,42154.46,83.86,NORMAL,1,999.0,0,0,0,145855.35,OK,-3428.79
2026-04-08 08:50:29+00:00,TANK_02,50136.05,99.74,49646.11,98.77,NORMAL,1,999.0,0,0,0,145855.35,OK,-489.94
2026-04-08 08:50:29+00:00,TANK_03,50136.05,99.74,49646.11,98.77,NORMAL,1,999.0,0,0,0,145855.35,OK,-489.94
2026-04-08 08:50:46+00:00,TANK_01,45583.25,90.69,42154.46,83.86,NORMAL,1,999.0,0,0,0,145855.35,OK,-3428.79
2026-04-08 08:50:46+00:00,TANK_02,50136.05,99.74,49646.11,98.77,NORMAL,1,999.0,0,0,0,145855.35,OK,-489.94
2026-04-08 08:50:46+00:00,TANK_03,50136.05,99.74,49646.11,98.77,NORMAL,1,999.0,0,0,0,145855.35,OK,-489.94
2026-04-08 08:51:03+00:00,TANK_01,45583.25,90.69,42154.46,83.86,NORMAL,1,999.0,0,0,0,145855.35,OK,-3428.79
2026-04-08 08:51:03+00:00,TANK_02,50136.05,99.74,49646.11,98.77,NORMAL,1,999.0,0,0,0,145855.35,OK,-489.94
2026-04-08 08:51:03+00:00,TANK_03,50136.05,99.74,49646.11,98.77,NORMAL,1,999.0,0,0,0,145855.35,OK,-489.94
2026-04-08 08:51:20+00:00,TANK_01,45583.25,90.69,42154.46,83.86,NORMAL,1,999.0,0,0,0,145855.35,OK,-3428.79
2026-04-08 08:51:20+00:00,TANK_02,50136.05,99.74,49646.11,98.77,NORMAL,1,999.0,0,0,0,145855.35,OK,-489.94
2026-04-08 08:51:20+00:00,TANK_03,50136.05,99.74,49646.11,98.77,NORMAL,1,999.0,0,0,0,145855.35,OK,-489.94
2026-04-08 08:52:00+00:00,TANK_01,45583.25,90.69,42154.46,83.86,NORMAL,1,999.0,0,0,0,145855.35,OK,-3428.79
2026-04-08 08:52:00+00:00,TANK_02,50136.05,99.74,49646.11,98.77,NORMAL,1,999.0,0,0,0,145855.35,OK,-489.94
2026-04-08 08:52:00+00:00,TANK_03,50136.05,99.74,49646.11,98.77,NORMAL,1,999.0,0,0,0,145855.35,OK,-489.94
2026-04-08 08:52:18+00:00,TANK_01,45583.25,90.69,42154.46,83.86,NORMAL,1,999.0,0,0,0,145855.35,OK,-3428.79
2026-04-08 08:52:18+00:00,TANK_02,50136.05,99.74,49646.11,98.77,NORMAL,1,999.0,0,0,0,145855.35,OK,-489.94
2026-04-08 08:52:18+00:00,TANK_03,50136.05,99.74,49646.11,98.77,NORMAL,1,999.0,0,0,0,145855.35,OK,-489.94
2026-04-08 08:52:35+00:00,TANK_01,45583.25,90.69,42154.46,83.86,NORMAL,1,999.0,0,0,0,145855.35,OK,-3428.79
2026-04-08 08:52:35+00:00,TANK_02,50136.05,99.74,49646.11,98.77,NORMAL,1,999.0,0,0,0,145855.35,OK,-489.94
2026-04-08 08:52:35+00:00,TANK_03,50136.05,99.74,49646.11,98.77,NORMAL,1,999.0,0,0,0,145855.35,OK,-489.94
2026-04-08 08:52:52+00:00,TANK_01,45583.25,90.69,42154.46,83.86,NORMAL,1,999.0,0,0,0,145855.35,OK,-3428.79
2026-04-08 08:52:52+00:00,TANK_02,50136.05,99.74,49646.11,98.77,NORMAL,1,999.0,0,0,0,145855.35,OK,-489.94
2026-04-08 08:52:52+00:00,TANK_03,50136.05,99.74,49646.11,98.77,NORMAL,1,999.0,0,0,0,145855.35,OK,-489.94
2026-04-08 08:53:10+00:00,TANK_01,45583.25,90.69,42154.46,83.86,NORMAL,1,999.0,0,0,0,145855.35,OK,-3428.79
2026-04-08 08:53:10+00:00,TANK_02,50136.05,99.74,49646.11,98.77,NORMAL,1,999.0,0,0,0,145855.35,OK,-489.94
2026-04-08 08:53:10+00:00,TANK_03,50136.05,99.74,49646.11,98.77,NORMAL,1,999.0,0,0,0,145855.35,OK,-489.94
2026-04-08 08:53:27+00:00,TANK_01,45583.25,90.69,42154.46,83.86,NORMAL,1,999.0,0,0,0,145855.35,OK,-3428.79
2026-04-08 08:53:27+00:00,TANK_02,50136.05,99.74,49646.11,98.77,NORMAL,1,999.0,0,0,0,145855.35,OK,-489.94
2026-04-08 08:53:27+00:00,TANK_03,50136.05,99.74,49646.11,98.77,NORMAL,1,999.0,0,0,0,145855.35,OK,-489.94
2026-04-08 08:53:44+00:00,TANK_01,45583.25,90.69,42154.46,83.86,NORMAL,1,999.0,0,0,0,145855.35,OK,-3428.79
2026-04-08 08:53:44+00:00,TANK_02,50136.05,99.74,49646.11,98.77,NORMAL,1,999.0,0,0,0,145855.35,OK,-489.94
2026-04-08 08:53:44+00:00,TANK_03,50136.05,99.74,49646.11,98.77,NORMAL,1,999.0,0,0,0,145855.35,OK,-489.94
2026-04-08 08:54:01+00:00,TANK_01,45583.25,90.69,42154.46,83.86,NORMAL,1,999.0,0,0,0,145855.35,OK,-3428.79
2026-04-08 08:54:01+00:00,TANK_02,50136.05,99.74,49646.11,98.77,NORMAL,1,999.0,0,0,0,145855.35,OK,-489.94
2026-04-08 08:54:01+00:00,TANK_03,50136.05,99.74,49646.11,98.77,NORMAL,1,999.0,0,0,0,145855.35,OK,-489.94
2026-04-08 08:54:18+00:00,TANK_01,45583.25,90.69,42154.46,83.86,NORMAL,1,999.0,0,0,0,145855.35,OK,-3428.79
2026-04-08 08:54:18+00:00,TANK_02,50136.05,99.74,49646.11,98.77,NORMAL,1,999.0,0,0,0,145855.35,OK,-489.94
2026-04-08 08:54:18+00:00,TANK_03,50136.05,99.74,49646.11,98.77,NORMAL,1,999.0,0,0,0,145855.35,OK,-489.94
2026-04-08 08:54:35+00:00,TANK_01,45583.25,90.69,42154.46,83.86,NORMAL,1,999.0,0,0,0,145855.35,OK,-3428.79
2026-04-08 08:54:35+00:00,TANK_02,50136.05,99.74,49646.11,98.77,NORMAL,1,999.0,0,0,0,145855.35,OK,-489.94
2026-04-08 08:54:35+00:00,TANK_03,50136.05,99.74,49646.11,98.77,NORMAL,1,999.0,0,0,0,145855.35,OK,-489.94
2026-04-08 08:54:53+00:00,TANK_01,45583.25,90.69,42154.46,83.86,NORMAL,1,999.0,0,0,0,145855.35,OK,-3428.79
2026-04-08 08:54:53+00:00,TANK_02,50136.05,99.74,49646.11,98.77,NORMAL,1,999.0,0,0,0,145855.35,OK,-489.94
2026-04-08 08:54:53+00:00,TANK_03,50136.05,99.74,49646.11,98.77,NORMAL,1,999.0,0,0,0,145855.35,OK,-489.94
2026-04-08 08:55:10+00:00,TANK_01,45583.25,90.69,42154.46,83.86,NORMAL,1,999.0,0,0,0,145855.35,OK,-3428.79
2026-04-08 08:55:10+00:00,TANK_02,50136.05,99.74,49646.11,98.77,NORMAL,1,999.0,0,0,0,145855.35,OK,-489.94
2026-04-08 08:55:10+00:00,TANK_03,50136.05,99.74,49646.11,98.77,NORMAL,1,999.0,0,0,0,145855.35,OK,-489.94
2026-04-08 08:55:27+00:00,TANK_01,45583.25,90.69,42154.46,83.86,NORMAL,1,999.0,0,0,0,145855.35,OK,-3428.79
2026-04-08 08:55:27+00:00,TANK_02,50136.05,99.74,49646.11,98.77,NORMAL,1,999.0,0,0,0,145855.35,OK,-489.94
2026-04-08 08:55:27+00:00,TANK_03,50136.05,99.74,49646.11,98.77,NORMAL,1,999.0,0,0,0,145855.35,OK,-489.94
2026-04-08 08:55:44+00:00,TANK_01,45583.25,90.69,42154.46,83.86,NORMAL,1,999.0,0,0,0,145855.35,OK,-3428.79
2026-04-08 08:55:44+00:00,TANK_02,50136.05,99.74,49646.11,98.77,NORMAL,1,999.0,0,0,0,145855.35,OK,-489.94
2026-04-08 08:55:44+00:00,TANK_03,50136.05,99.74,49646.11,98.77,NORMAL,1,999.0,0,0,0,145855.35,OK,-489.94
2026-04-08 08:56:02+00:00,TANK_01,45583.25,90.69,42154.46,83.86,NORMAL,1,999.0,0,0,0,145855.35,OK,-3428.79
2026-04-08 08:56:02+00:00,TANK_02,50136.05,99.74,49646.11,98.77,NORMAL,1,999.0,0,0,0,145855.35,OK,-489.94
2026-04-08 08:56:02+00:00,TANK_03,50136.05,99.74,49646.11,98.77,NORMAL,1,999.0,0,0,0,145855.35,OK,-489.94
2026-04-08 08:56:18+00:00,TANK_01,45583.25,90.69,42154.46,83.86,NORMAL,1,999.0,0,0,0,145855.35,OK,-3428.79
2026-04-08 08:56:18+00:00,TANK_02,50136.05,99.74,49646.11,98.77,NORMAL,1,999.0,0,0,0,145855.35,OK,-489.94
2026-04-08 08:56:18+00:00,TANK_03,50136.05,99.74,49646.11,98.77,NORMAL,1,999.0,0,0,0,145855.35,OK,-489.94
2026-04-08 08:56:36+00:00,TANK_01,45583.25,90.69,42154.46,83.86,NORMAL,1,999.0,0,0,0,145855.35,OK,-3428.79
2026-04-08 08:56:36+00:00,TANK_02,50136.05,99.74,49646.11,98.77,NORMAL,1,999.0,0,0,0,145855.35,OK,-489.94
2026-04-08 08:56:36+00:00,TANK_03,50136.05,99.74,49646.11,98.77,NORMAL,1,999.0,0,0,0,145855.35,OK,-489.94
2026-04-08 08:56:53+00:00,TANK_01,45583.25,90.69,42154.46,83.86,NORMAL,1,999.0,0,0,0,145855.35,OK,-3428.79
2026-04-08 08:56:53+00:00,TANK_02,50136.05,99.74,49646.11,98.77,NORMAL,1,999.0,0,0,0,145855.35,OK,-489.94
2026-04-08 08:56:53+00:00,TANK_03,50136.05,99.74,49646.11,98.77,NORMAL,1,999.0,0,0,0,145855.35,OK,-489.94
2026-04-08 08:57:11+00:00,TANK_01,45583.25,90.69,42154.46,83.86,NORMAL,1,999.0,0,0,0,145855.35,OK,-3428.79
2026-04-08 08:57:11+00:00,TANK_02,50136.05,99.74,49646.11,98.77,NORMAL,1,999.0,0,0,0,145855.35,OK,-489.94
2026-04-08 08:57:11+00:00,TANK_03,50136.05,99.74,49646.11,98.77,NORMAL,1,999.0,0,0,0,145855.35,OK,-489.94
2026-04-08 08:57:28+00:00,TANK_01,45583.25,90.69,42154.46,83.86,NORMAL,1,999.0,0,0,0,145855.35,OK,-3428.79
2026-04-08 08:57:28+00:00,TANK_02,50136.05,99.74,49646.11,98.77,NORMAL,1,999.0,0,0,0,145855.35,OK,-489.94
2026-04-08 08:57:28+00:00,TANK_03,50136.05,99.74,49646.11,98.77,NORMAL,1,999.0,0,0,0,145855.35,OK,-489.94
2026-04-08 08:57:44+00:00,TANK_01,45583.25,90.69,42154.46,83.86,NORMAL,1,999.0,0,0,0,145855.35,OK,-3428.79
2026-04-08 08:57:44+00:00,TANK_02,50136.05,99.74,49646.11,98.77,NORMAL,1,999.0,0,0,0,145855.35,OK,-489.94
2026-04-08 08:57:44+00:00,TANK_03,50136.05,99.74,49646.11,98.77,NORMAL,1,999.0,0,0,0,145855.35,OK,-489.94
2026-04-08 08:58:02+00:00,TANK_01,45583.25,90.69,42154.46,83.86,NORMAL,1,999.0,0,0,0,145855.35,OK,-3428.79
2026-04-08 08:58:02+00:00,TANK_02,50136.05,99.74,49646.11,98.77,NORMAL,1,999.0,0,0,0,145855.35,OK,-489.94
2026-04-08 08:58:02+00:00,TANK_03,50136.05,99.74,49646.11,98.77,NORMAL,1,999.0,0,0,0,145855.35,OK,-489.94
2026-04-08 08:58:19+00:00,TANK_01,45583.25,90.69,42154.46,83.86,NORMAL,1,999.0,0,0,0,145855.35,OK,-3428.79
2026-04-08 08:58:19+00:00,TANK_02,50136.05,99.74,49646.11,98.77,NORMAL,1,999.0,0,0,0,145855.35,OK,-489.94
2026-04-08 08:58:19+00:00,TANK_03,50136.05,99.74,49646.11,98.77,NORMAL,1,999.0,0,0,0,145855.35,OK,-489.94
2026-04-08 08:58:36+00:00,TANK_01,45583.25,90.69,42154.46,83.86,NORMAL,1,999.0,0,0,0,145855.35,OK,-3428.79
2026-04-08 08:58:36+00:00,TANK_02,50136.05,99.74,49646.11,98.77,NORMAL,1,999.0,0,0,0,145855.35,OK,-489.94
2026-04-08 08:58:36+00:00,TANK_03,50136.05,99.74,49646.11,98.77,NORMAL,1,999.0,0,0,0,145855.35,OK,-489.94
2026-04-08 08:58:53+00:00,TANK_01,45583.25,90.69,42154.46,83.86,NORMAL,1,999.0,0,0,0,145855.35,OK,-3428.79
2026-04-08 08:58:53+00:00,TANK_02,50136.05,99.74,49646.11,98.77,NORMAL,1,999.0,0,0,0,145855.35,OK,-489.94
2026-04-08 08:58:53+00:00,TANK_03,50136.05,99.74,49646.11,98.77,NORMAL,1,999.0,0,0,0,145855.35,OK,-489.94
2026-04-08 08:59:10+00:00,TANK_01,45583.25,90.69,42154.46,83.86,NORMAL,1,999.0,0,0,0,145855.35,OK,-3428.79
2026-04-08 08:59:10+00:00,TANK_02,50136.05,99.74,49646.11,98.77,NORMAL,1,999.0,0,0,0,145855.35,OK,-489.94
2026-04-08 08:59:10+00:00,TANK_03,50136.05,99.74,49646.11,98.77,NORMAL,1,999.0,0,0,0,145855.35,OK,-489.94
2026-04-08 08:59:27+00:00,TANK_01,45583.25,90.69,42154.46,83.86,NORMAL,1,999.0,0,0,0,145855.35,OK,-3428.79
2026-04-08 08:59:27+00:00,TANK_02,50136.05,99.74,49646.11,98.77,NORMAL,1,999.0,0,0,0,145855.35,OK,-489.94
2026-04-08 08:59:27+00:00,TANK_03,50136.05,99.74,49646.11,98.77,NORMAL,1,999.0,0,0,0,145855.35,OK,-489.94
2026-04-08 08:59:44+00:00,TANK_01,45583.25,90.69,42154.46,83.86,NORMAL,1,999.0,0,0,0,145855.35,OK,-3428.79
2026-04-08 08:59:44+00:00,TANK_02,50136.05,99.74,49646.11,98.77,NORMAL,1,999.0,0,0,0,145855.35,OK,-489.94
2026-04-08 08:59:44+00:00,TANK_03,50136.05,99.74,49646.11,98.77,NORMAL,1,999.0,0,0,0,145855.35,OK,-489.94
2026-04-08 09:00:03+00:00,TANK_01,45583.25,90.69,42154.46,83.86,NORMAL,1,999.0,0,0,0,145855.35,OK,-3428.79
2026-04-08 09:00:03+00:00,TANK_02,50136.05,99.74,49646.11,98.77,NORMAL,1,999.0,0,0,0,145855.35,OK,-489.94
2026-04-08 09:00:03+00:00,TANK_03,50136.05,99.74,49646.11,98.77,NORMAL,1,999.0,0,0,0,145855.35,OK,-489.94
2026-04-08 09:00:21+00:00,TANK_01,45583.25,90.69,42154.46,83.86,NORMAL,1,999.0,0,0,0,145855.35,OK,-3428.79
2026-04-08 09:00:21+00:00,TANK_02,50136.05,99.74,49646.11,98.77,NORMAL,1,999.0,0,0,0,145855.35,OK,-489.94
2026-04-08 09:00:21+00:00,TANK_03,50136.05,99.74,49646.11,98.77,NORMAL,1,999.0,0,0,0,145855.35,OK,-489.94
2026-04-08 09:00:38+00:00,TANK_01,45583.25,90.69,42154.46,83.86,NORMAL,1,999.0,0,0,0,145855.35,OK,-3428.79
2026-04-08 09:00:38+00:00,TANK_02,50136.05,99.74,49646.11,98.77,NORMAL,1,999.0,0,0,0,145855.35,OK,-489.94
2026-04-08 09:00:38+00:00,TANK_03,50136.05,99.74,49646.11,98.77,NORMAL,1,999.0,0,0,0,145855.35,OK,-489.94
2026-04-08 09:00:58+00:00,TANK_01,45583.25,90.69,42154.46,83.86,NORMAL,1,999.0,0,0,0,145855.35,OK,-3428.79
2026-04-08 09:00:58+00:00,TANK_02,50136.05,99.74,49646.11,98.77,NORMAL,1,999.0,0,0,0,145855.35,OK,-489.94
2026-04-08 09:00:58+00:00,TANK_03,50136.05,99.74,49646.11,98.77,NORMAL,1,999.0,0,0,0,145855.35,OK,-489.94
2026-04-08 09:01:14+00:00,TANK_01,45583.25,90.69,42154.46,83.86,NORMAL,1,999.0,0,0,0,145855.35,OK,-3428.79
2026-04-08 09:01:14+00:00,TANK_02,50136.05,99.74,49646.11,98.77,NORMAL,1,999.0,0,0,0,145855.35,OK,-489.94
2026-04-08 09:01:14+00:00,TANK_03,50136.05,99.74,49646.11,98.77,NORMAL,1,999.0,0,0,0,145855.35,OK,-489.94
2026-04-08 09:01:32+00:00,TANK_01,45583.25,90.69,42154.46,83.86,NORMAL,1,999.0,0,0,0,145855.35,OK,-3428.79
2026-04-08 09:01:32+00:00,TANK_02,50136.05,99.74,49646.11,98.77,NORMAL,1,999.0,0,0,0,145855.35,OK,-489.94
2026-04-08 09:01:32+00:00,TANK_03,50136.05,99.74,49646.11,98.77,NORMAL,1,999.0,0,0,0,145855.35,OK,-489.94
2026-04-08 09:01:52+00:00,TANK_01,45583.25,90.69,42154.46,83.86,NORMAL,1,999.0,0,0,0,145855.35,OK,-3428.79
2026-04-08 09:01:52+00:00,TANK_02,50136.05,99.74,49646.11,98.77,NORMAL,1,999.0,0,0,0,145855.35,OK,-489.94
2026-04-08 09:01:52+00:00,TANK_03,50136.05,99.74,49646.11,98.77,NORMAL,1,999.0,0,0,0,145855.35,OK,-489.94
2026-04-08 09:02:08+00:00,TANK_01,45583.25,90.69,42154.46,83.86,NORMAL,1,999.0,0,0,0,145855.35,OK,-3428.79
2026-04-08 09:02:08+00:00,TANK_02,50136.05,99.74,49646.11,98.77,NORMAL,1,999.0,0,0,0,145855.35,OK,-489.94
2026-04-08 09:02:08+00:00,TANK_03,50136.05,99.74,49646.11,98.77,NORMAL,1,999.0,0,0,0,145855.35,OK,-489.94
2026-04-08 09:02:40+00:00,TANK_01,45583.25,90.69,42154.46,83.86,NORMAL,1,999.0,0,0,0,145855.35,OK,-3428.79
2026-04-08 09:02:40+00:00,TANK_02,50136.05,99.74,49646.11,98.77,NORMAL,1,999.0,0,0,0,145855.35,OK,-489.94
2026-04-08 09:02:40+00:00,TANK_03,50136.05,99.74,49646.11,98.77,NORMAL,1,999.0,0,0,0,145855.35,OK,-489.94
2026-04-08 09:03:00+00:00,TANK_01,45583.25,90.69,42154.46,83.86,NORMAL,1,999.0,0,0,0,145855.35,OK,-3428.79
2026-04-08 09:03:00+00:00,TANK_02,50136.05,99.74,49646.11,98.77,NORMAL,1,999.0,0,0,0,145855.35,OK,-489.94
2026-04-08 09:03:00+00:00,TANK_03,50136.05,99.74,49646.11,98.77,NORMAL,1,999.0,0,0,0,145855.35,OK,-489.94
2026-04-08 09:03:19+00:00,TANK_01,45583.25,90.69,42154.46,83.86,NORMAL,1,999.0,0,0,0,145855.35,OK,-3428.79
2026-04-08 09:03:19+00:00,TANK_02,50136.05,99.74,49646.11,98.77,NORMAL,1,999.0,0,0,0,145855.35,OK,-489.94
2026-04-08 09:03:19+00:00,TANK_03,50136.05,99.74,49646.11,98.77,NORMAL,1,999.0,0,0,0,145855.35,OK,-489.94
2026-04-08 09:03:39+00:00,TANK_01,45583.25,90.69,42154.46,83.86,NORMAL,1,999.0,0,0,0,145855.35,OK,-3428.79
2026-04-08 09:03:39+00:00,TANK_02,50136.05,99.74,49646.11,98.77,NORMAL,1,999.0,0,0,0,145855.35,OK,-489.94
2026-04-08 09:03:39+00:00,TANK_03,50136.05,99.74,49646.11,98.77,NORMAL,1,999.0,0,0,0,145855.35,OK,-489.94
2026-04-08 09:03:59+00:00,TANK_01,45583.25,90.69,42154.46,83.86,NORMAL,1,999.0,0,0,0,145855.35,OK,-3428.79
2026-04-08 09:03:59+00:00,TANK_02,50136.05,99.74,49646.11,98.77,NORMAL,1,999.0,0,0,0,145855.35,OK,-489.94
2026-04-08 09:03:59+00:00,TANK_03,50136.05,99.74,49646.11,98.77,NORMAL,1,999.0,0,0,0,145855.35,OK,-489.94
2026-04-08 09:04:18+00:00,TANK_01,45583.25,90.69,42154.46,83.86,NORMAL,1,999.0,0,0,0,145855.35,OK,-3428.79
2026-04-08 09:04:18+00:00,TANK_02,50136.05,99.74,49646.11,98.77,NORMAL,1,999.0,0,0,0,145855.35,OK,-489.94
2026-04-08 09:04:18+00:00,TANK_03,50136.05,99.74,49646.11,98.77,NORMAL,1,999.0,0,0,0,145855.35,OK,-489.94
2026-04-08 09:04:38+00:00,TANK_01,45583.25,90.69,42154.46,83.86,NORMAL,1,999.0,0,0,0,145855.35,OK,-3428.79
2026-04-08 09:04:38+00:00,TANK_02,50136.05,99.74,49646.11,98.77,NORMAL,1,999.0,0,0,0,145855.35,OK,-489.94
2026-04-08 09:04:38+00:00,TANK_03,50136.05,99.74,49646.11,98.77,NORMAL,1,999.0,0,0,0,145855.35,OK,-489.94
2026-04-08 09:05:07+00:00,TANK_01,45583.25,90.69,42154.46,83.86,NORMAL,1,999.0,0,0,0,145855.35,OK,-3428.79
2026-04-08 09:05:07+00:00,TANK_02,50136.05,99.74,49646.11,98.77,NORMAL,1,999.0,0,0,0,145855.35,OK,-489.94
2026-04-08 09:05:07+00:00,TANK_03,50136.05,99.74,49646.11,98.77,NORMAL,1,999.0,0,0,0,145855.35,OK,-489.94
2026-04-08 09:05:23+00:00,TANK_01,45583.25,90.69,42154.46,83.86,NORMAL,1,999.0,0,0,0,145855.35,OK,-3428.79
2026-04-08 09:05:23+00:00,TANK_02,50136.05,99.74,49646.11,98.77,NORMAL,1,999.0,0,0,0,145855.35,OK,-489.94
2026-04-08 09:05:23+00:00,TANK_03,50136.05,99.74,49646.11,98.77,NORMAL,1,999.0,0,0,0,145855.35,OK,-489.94
2026-04-08 09:05:42+00:00,TANK_01,45583.25,90.69,42154.46,83.86,NORMAL,1,999.0,0,0,0,145855.35,OK,-3428.79
2026-04-08 09:05:42+00:00,TANK_02,50136.05,99.74,49646.11,98.77,NORMAL,1,999.0,0,0,0,145855.35,OK,-489.94
2026-04-08 09:05:42+00:00,TANK_03,50136.05,99.74,49646.11,98.77,NORMAL,1,999.0,0,0,0,145855.35,OK,-489.94
2026-04-08 09:06:08+00:00,TANK_01,45583.25,90.69,42154.46,83.86,NORMAL,1,999.0,0,0,0,145855.35,OK,-3428.79
2026-04-08 09:06:08+00:00,TANK_02,50136.05,99.74,49646.11,98.77,NORMAL,1,999.0,0,0,0,145855.35,OK,-489.94
2026-04-08 09:06:08+00:00,TANK_03,50136.05,99.74,49646.11,98.77,NORMAL,1,999.0,0,0,0,145855.35,OK,-489.94
2026-04-08 09:06:25+00:00,TANK_01,45583.25,90.69,42154.46,83.86,NORMAL,1,999.0,0,0,0,145855.35,OK,-3428.79
2026-04-08 09:06:25+00:00,TANK_02,50136.05,99.74,49646.11,98.77,NORMAL,1,999.0,0,0,0,145855.35,OK,-489.94
2026-04-08 09:06:25+00:00,TANK_03,50136.05,99.74,49646.11,98.77,NORMAL,1,999.0,0,0,0,145855.35,OK,-489.94
2026-04-08 09:06:45+00:00,TANK_01,45583.25,90.69,42154.46,83.86,NORMAL,1,999.0,0,0,0,145855.35,OK,-3428.79
2026-04-08 09:06:45+00:00,TANK_02,50136.05,99.74,49646.11,98.77,NORMAL,1,999.0,0,0,0,145855.35,OK,-489.94
2026-04-08 09:06:45+00:00,TANK_03,50136.05,99.74,49646.11,98.77,NORMAL,1,999.0,0,0,0,145855.35,OK,-489.94
2026-04-08 09:07:05+00:00,TANK_01,45583.25,90.69,42154.46,83.86,NORMAL,1,999.0,0,0,0,145855.35,OK,-3428.79
2026-04-08 09:07:05+00:00,TANK_02,50136.05,99.74,49646.11,98.77,NORMAL,1,999.0,0,0,0,145855.35,OK,-489.94
2026-04-08 09:07:05+00:00,TANK_03,50136.05,99.74,49646.11,98.77,NORMAL,1,999.0,0,0,0,145855.35,OK,-489.94
2026-04-08 09:07:23+00:00,TANK_01,45583.25,90.69,42154.46,83.86,NORMAL,1,999.0,0,0,0,145855.35,OK,-3428.79
2026-04-08 09:07:23+00:00,TANK_02,50136.05,99.74,49646.11,98.77,NORMAL,1,999.0,0,0,0,145855.35,OK,-489.94
2026-04-08 09:07:23+00:00,TANK_03,50136.05,99.74,49646.11,98.77,NORMAL,1,999.0,0,0,0,145855.35,OK,-489.94
2026-04-08 09:07:41+00:00,TANK_01,45583.25,90.69,42154.46,83.86,NORMAL,1,999.0,0,0,0,145855.35,OK,-3428.79
2026-04-08 09:07:41+00:00,TANK_02,50136.05,99.74,49646.11,98.77,NORMAL,1,999.0,0,0,0,145855.35,OK,-489.94
2026-04-08 09:07:41+00:00,TANK_03,50136.05,99.74,49646.11,98.77,NORMAL,1,999.0,0,0,0,145855.35,OK,-489.94
2026-04-08 09:08:10+00:00,TANK_01,45583.25,90.69,42154.46,83.86,NORMAL,1,999.0,0,0,0,145855.35,OK,-3428.79
2026-04-08 09:08:10+00:00,TANK_02,50136.05,99.74,49646.11,98.77,NORMAL,1,999.0,0,0,0,145855.35,OK,-489.94
2026-04-08 09:08:10+00:00,TANK_03,50136.05,99.74,49646.11,98.77,NORMAL,1,999.0,0,0,0,145855.35,OK,-489.94
2026-04-08 09:08:30+00:00,TANK_01,45583.25,90.69,42154.46,83.86,NORMAL,1,999.0,0,0,0,145855.35,OK,-3428.79
2026-04-08 09:08:30+00:00,TANK_02,50136.05,99.74,49646.11,98.77,NORMAL,1,999.0,0,0,0,145855.35,OK,-489.94
2026-04-08 09:08:30+00:00,TANK_03,50136.05,99.74,49646.11,98.77,NORMAL,1,999.0,0,0,0,145855.35,OK,-489.94
2026-04-08 09:08:48+00:00,TANK_01,45583.25,90.69,42154.46,83.86,NORMAL,1,999.0,0,0,0,145855.35,OK,-3428.79
2026-04-08 09:08:48+00:00,TANK_02,50136.05,99.74,49646.11,98.77,NORMAL,1,999.0,0,0,0,145855.35,OK,-489.94
2026-04-08 09:08:48+00:00,TANK_03,50136.05,99.74,49646.11,98.77,NORMAL,1,999.0,0,0,0,145855.35,OK,-489.94
2026-04-08 09:09:05+00:00,TANK_01,45583.25,90.69,42154.46,83.86,NORMAL,1,999.0,0,0,0,145855.35,OK,-3428.79
2026-04-08 09:09:05+00:00,TANK_02,50136.05,99.74,49646.11,98.77,NORMAL,1,999.0,0,0,0,145855.35,OK,-489.94
2026-04-08 09:09:05+00:00,TANK_03,50136.05,99.74,49646.11,98.77,NORMAL,1,999.0,0,0,0,145855.35,OK,-489.94
2026-04-08 09:09:26+00:00,TANK_01,45583.25,90.69,42154.46,83.86,NORMAL,1,999.0,0,0,0,145855.35,OK,-3428.79
2026-04-08 09:09:26+00:00,TANK_02,50136.05,99.74,49646.11,98.77,NORMAL,1,999.0,0,0,0,145855.35,OK,-489.94
2026-04-08 09:09:26+00:00,TANK_03,50136.05,99.74,49646.11,98.77,NORMAL,1,999.0,0,0,0,145855.35,OK,-489.94
2026-04-08 09:09:49+00:00,TANK_01,45583.25,90.69,42154.46,83.86,NORMAL,1,999.0,0,0,0,145855.35,OK,-3428.79
2026-04-08 09:09:49+00:00,TANK_02,50136.05,99.74,49646.11,98.77,NORMAL,1,999.0,0,0,0,145855.35,OK,-489.94
2026-04-08 09:09:49+00:00,TANK_03,50136.05,99.74,49646.11,98.77,NORMAL,1,999.0,0,0,0,145855.35,OK,-489.94
2026-04-08 09:10:12+00:00,TANK_01,45583.25,90.69,42154.46,83.86,NORMAL,1,999.0,0,0,0,145855.35,OK,-3428.79
2026-04-08 09:10:12+00:00,TANK_02,50136.05,99.74,49646.11,98.77,NORMAL,1,999.0,0,0,0,145855.35,OK,-489.94
2026-04-08 09:10:12+00:00,TANK_03,50136.05,99.74,49646.11,98.77,NORMAL,1,999.0,0,0,0,145855.35,OK,-489.94
2026-04-08 09:10:31+00:00,TANK_01,45583.25,90.69,42154.46,83.86,NORMAL,1,999.0,0,0,0,145855.35,OK,-3428.79
2026-04-08 09:10:31+00:00,TANK_02,50136.05,99.74,49646.11,98.77,NORMAL,1,999.0,0,0,0,145855.35,OK,-489.94
2026-04-08 09:10:31+00:00,TANK_03,50136.05,99.74,49646.11,98.77,NORMAL,1,999.0,0,0,0,145855.35,OK,-489.94
2026-04-08 09:10:59+00:00,TANK_01,45583.25,90.69,42154.46,83.86,NORMAL,1,999.0,0,0,0,145855.35,OK,-3428.79
2026-04-08 09:10:59+00:00,TANK_02,50136.05,99.74,49646.11,98.77,NORMAL,1,999.0,0,0,0,145855.35,OK,-489.94
2026-04-08 09:10:59+00:00,TANK_03,50136.05,99.74,49646.11,98.77,NORMAL,1,999.0,0,0,0,145855.35,OK,-489.94
2026-04-08 09:11:25+00:00,TANK_01,45583.25,90.69,42154.46,83.86,NORMAL,1,999.0,0,0,0,145855.35,OK,-3428.79
2026-04-08 09:11:25+00:00,TANK_02,50136.05,99.74,49646.11,98.77,NORMAL,1,999.0,0,0,0,145855.35,OK,-489.94
2026-04-08 09:11:25+00:00,TANK_03,50136.05,99.74,49646.11,98.77,NORMAL,1,999.0,0,0,0,145855.35,OK,-489.94
2026-04-08 09:11:41+00:00,TANK_01,45583.25,90.69,42154.46,83.86,NORMAL,1,999.0,0,0,0,145855.35,OK,-3428.79
2026-04-08 09:11:41+00:00,TANK_02,50136.05,99.74,49646.11,98.77,NORMAL,1,999.0,0,0,0,145855.35,OK,-489.94
2026-04-08 09:11:41+00:00,TANK_03,50136.05,99.74,49646.11,98.77,NORMAL,1,999.0,0,0,0,145855.35,OK,-489.94
2026-04-08 09:11:58+00:00,TANK_01,45583.25,90.69,42154.46,83.86,NORMAL,1,999.0,0,0,0,145855.35,OK,-3428.79
2026-04-08 09:11:58+00:00,TANK_02,50136.05,99.74,49646.11,98.77,NORMAL,1,999.0,0,0,0,145855.35,OK,-489.94
2026-04-08 09:11:58+00:00,TANK_03,50136.05,99.74,49646.11,98.77,NORMAL,1,999.0,0,0,0,145855.35,OK,-489.94
2026-04-08 09:12:15+00:00,TANK_01,45583.25,90.69,42154.46,83.86,NORMAL,1,999.0,0,0,0,145855.35,OK,-3428.79
2026-04-08 09:12:15+00:00,TANK_02,50136.05,99.74,49646.11,98.77,NORMAL,1,999.0,0,0,0,145855.35,OK,-489.94
2026-04-08 09:12:15+00:00,TANK_03,50136.05,99.74,49646.11,98.77,NORMAL,1,999.0,0,0,0,145855.35,OK,-489.94
2026-04-08 09:12:32+00:00,TANK_01,45583.25,90.69,42154.46,83.86,NORMAL,1,999.0,0,0,0,145855.35,OK,-3428.79
2026-04-08 09:12:32+00:00,TANK_02,50136.05,99.74,49646.11,98.77,NORMAL,1,999.0,0,0,0,145855.35,OK,-489.94
2026-04-08 09:12:32+00:00,TANK_03,50136.05,99.74,49646.11,98.77,NORMAL,1,999.0,0,0,0,145855.35,OK,-489.94
2026-04-08 09:12:49+00:00,TANK_01,45583.25,90.69,42154.46,83.86,NORMAL,1,999.0,0,0,0,145855.35,OK,-3428.79
2026-04-08 09:12:49+00:00,TANK_02,50136.05,99.74,49646.11,98.77,NORMAL,1,999.0,0,0,0,145855.35,OK,-489.94
2026-04-08 09:12:49+00:00,TANK_03,50136.05,99.74,49646.11,98.77,NORMAL,1,999.0,0,0,0,145855.35,OK,-489.94
2026-04-08 09:13:06+00:00,TANK_01,45583.25,90.69,42154.46,83.86,NORMAL,1,999.0,0,0,0,145855.35,OK,-3428.79
2026-04-08 09:13:06+00:00,TANK_02,50136.05,99.74,49646.11,98.77,NORMAL,1,999.0,0,0,0,145855.35,OK,-489.94
2026-04-08 09:13:06+00:00,TANK_03,50136.05,99.74,49646.11,98.77,NORMAL,1,999.0,0,0,0,145855.35,OK,-489.94
2026-04-08 09:13:22+00:00,TANK_01,45583.25,90.69,42154.46,83.86,NORMAL,1,999.0,0,0,0,145855.35,OK,-3428.79
2026-04-08 09:13:22+00:00,TANK_02,50136.05,99.74,49646.11,98.77,NORMAL,1,999.0,0,0,0,145855.35,OK,-489.94
2026-04-08 09:13:22+00:00,TANK_03,50136.05,99.74,49646.11,98.77,NORMAL,1,999.0,0,0,0,145855.35,OK,-489.94
2026-04-08 09:13:39+00:00,TANK_01,45583.25,90.69,42154.46,83.86,NORMAL,1,999.0,0,0,0,145855.35,OK,-3428.79
2026-04-08 09:13:39+00:00,TANK_02,50136.05,99.74,49646.11,98.77,NORMAL,1,999.0,0,0,0,145855.35,OK,-489.94
2026-04-08 09:13:39+00:00,TANK_03,50136.05,99.74,49646.11,98.77,NORMAL,1,999.0,0,0,0,145855.35,OK,-489.94
2026-04-08 09:13:56+00:00,TANK_01,45583.25,90.69,42154.46,83.86,NORMAL,1,999.0,0,0,0,145855.35,OK,-3428.79
2026-04-08 09:13:56+00:00,TANK_02,50136.05,99.74,49646.11,98.77,NORMAL,1,999.0,0,0,0,145855.35,OK,-489.94
2026-04-08 09:13:56+00:00,TANK_03,50136.05,99.74,49646.11,98.77,NORMAL,1,999.0,0,0,0,145855.35,OK,-489.94
2026-04-08 09:14:13+00:00,TANK_01,45583.25,90.69,42154.46,83.86,NORMAL,1,999.0,0,0,0,145855.35,OK,-3428.79
2026-04-08 09:14:13+00:00,TANK_02,50136.05,99.74,49646.11,98.77,NORMAL,1,999.0,0,0,0,145855.35,OK,-489.94
2026-04-08 09:14:13+00:00,TANK_03,50136.05,99.74,49646.11,98.77,NORMAL,1,999.0,0,0,0,145855.35,OK,-489.94
2026-04-08 09:14:30+00:00,TANK_01,45583.25,90.69,42154.46,83.86,NORMAL,1,999.0,0,0,0,145855.35,OK,-3428.79
2026-04-08 09:14:30+00:00,TANK_02,50136.05,99.74,49646.11,98.77,NORMAL,1,999.0,0,0,0,145855.35,OK,-489.94
2026-04-08 09:14:30+00:00,TANK_03,50136.05,99.74,49646.11,98.77,NORMAL,1,999.0,0,0,0,145855.35,OK,-489.94
2026-04-08 09:14:46+00:00,TANK_01,45583.25,90.69,42154.46,83.86,NORMAL,1,999.0,0,0,0,145855.35,OK,-3428.79
2026-04-08 09:14:46+00:00,TANK_02,50136.05,99.74,49646.11,98.77,NORMAL,1,999.0,0,0,0,145855.35,OK,-489.94
2026-04-08 09:14:46+00:00,TANK_03,50136.05,99.74,49646.11,98.77,NORMAL,1,999.0,0,0,0,145855.35,OK,-489.94
2026-04-08 09:15:03+00:00,TANK_01,45583.25,90.69,42154.46,83.86,NORMAL,1,999.0,0,0,0,145855.35,OK,-3428.79
2026-04-08 09:15:03+00:00,TANK_02,50136.05,99.74,49646.11,98.77,NORMAL,1,999.0,0,0,0,145855.35,OK,-489.94
2026-04-08 09:15:03+00:00,TANK_03,50136.05,99.74,49646.11,98.77,NORMAL,1,999.0,0,0,0,145855.35,OK,-489.94
2026-04-08 09:15:20+00:00,TANK_01,45583.25,90.69,42154.46,83.86,NORMAL,1,999.0,0,0,0,145855.35,OK,-3428.79
2026-04-08 09:15:20+00:00,TANK_02,50136.05,99.74,49646.11,98.77,NORMAL,1,999.0,0,0,0,145855.35,OK,-489.94
2026-04-08 09:15:20+00:00,TANK_03,50136.05,99.74,49646.11,98.77,NORMAL,1,999.0,0,0,0,145855.35,OK,-489.94
2026-04-08 09:15:37+00:00,TANK_01,45583.25,90.69,42154.46,83.86,NORMAL,1,999.0,0,0,0,145855.35,OK,-3428.79
2026-04-08 09:15:37+00:00,TANK_02,50136.05,99.74,49646.11,98.77,NORMAL,1,999.0,0,0,0,145855.35,OK,-489.94
2026-04-08 09:15:37+00:00,TANK_03,50136.05,99.74,49646.11,98.77,NORMAL,1,999.0,0,0,0,145855.35,OK,-489.94
2026-04-08 09:15:54+00:00,TANK_01,45583.25,90.69,42154.46,83.86,NORMAL,1,999.0,0,0,0,145855.35,OK,-3428.79
2026-04-08 09:15:54+00:00,TANK_02,50136.05,99.74,49646.11,98.77,NORMAL,1,999.0,0,0,0,145855.35,OK,-489.94
2026-04-08 09:15:54+00:00,TANK_03,50136.05,99.74,49646.11,98.77,NORMAL,1,999.0,0,0,0,145855.35,OK,-489.94
2026-04-08 09:16:10+00:00,TANK_01,45583.25,90.69,42154.46,83.86,NORMAL,1,999.0,0,0,0,145855.35,OK,-3428.79
2026-04-08 09:16:10+00:00,TANK_02,50136.05,99.74,49646.11,98.77,NORMAL,1,999.0,0,0,0,145855.35,OK,-489.94
2026-04-08 09:16:10+00:00,TANK_03,50136.05,99.74,49646.11,98.77,NORMAL,1,999.0,0,0,0,145855.35,OK,-489.94
2026-04-08 09:16:28+00:00,TANK_01,45583.25,90.69,42154.46,83.86,NORMAL,1,999.0,0,0,0,145855.35,OK,-3428.79
2026-04-08 09:16:28+00:00,TANK_02,50136.05,99.74,49646.11,98.77,NORMAL,1,999.0,0,0,0,145855.35,OK,-489.94
2026-04-08 09:16:28+00:00,TANK_03,50136.05,99.74,49646.11,98.77,NORMAL,1,999.0,0,0,0,145855.35,OK,-489.94
2026-04-08 09:16:44+00:00,TANK_01,45583.25,90.69,42154.46,83.86,NORMAL,1,999.0,0,0,0,145855.35,OK,-3428.79
2026-04-08 09:16:44+00:00,TANK_02,50136.05,99.74,49646.11,98.77,NORMAL,1,999.0,0,0,0,145855.35,OK,-489.94
2026-04-08 09:16:44+00:00,TANK_03,50136.05,99.74,49646.11,98.77,NORMAL,1,999.0,0,0,0,145855.35,OK,-489.94
2026-04-08 09:17:01+00:00,TANK_01,45583.25,90.69,42154.46,83.86,NORMAL,1,999.0,0,0,0,145855.35,OK,-3428.79
2026-04-08 09:17:01+00:00,TANK_02,50136.05,99.74,49646.11,98.77,NORMAL,1,999.0,0,0,0,145855.35,OK,-489.94
2026-04-08 09:17:01+00:00,TANK_03,50136.05,99.74,49646.11,98.77,NORMAL,1,999.0,0,0,0,145855.35,OK,-489.94
2026-04-08 09:17:18+00:00,TANK_01,45583.25,90.69,42154.46,83.86,NORMAL,1,999.0,0,0,0,145855.35,OK,-3428.79
2026-04-08 09:17:18+00:00,TANK_02,50136.05,99.74,49646.11,98.77,NORMAL,1,999.0,0,0,0,145855.35,OK,-489.94
2026-04-08 09:17:18+00:00,TANK_03,50136.05,99.74,49646.11,98.77,NORMAL,1,999.0,0,0,0,145855.35,OK,-489.94
2026-04-08 09:17:35+00:00,TANK_01,45583.25,90.69,42154.46,83.86,NORMAL,1,999.0,0,0,0,145855.35,OK,-3428.79
2026-04-08 09:17:35+00:00,TANK_02,50136.05,99.74,49646.11,98.77,NORMAL,1,999.0,0,0,0,145855.35,OK,-489.94
2026-04-08 09:17:35+00:00,TANK_03,50136.05,99.74,49646.11,98.77,NORMAL,1,999.0,0,0,0,145855.35,OK,-489.94
2026-04-08 09:17:52+00:00,TANK_01,45583.25,90.69,42154.46,83.86,NORMAL,1,999.0,0,0,0,145855.35,OK,-3428.79
2026-04-08 09:17:52+00:00,TANK_02,50136.05,99.74,49646.11,98.77,NORMAL,1,999.0,0,0,0,145855.35,OK,-489.94
2026-04-08 09:17:52+00:00,TANK_03,50136.05,99.74,49646.11,98.77,NORMAL,1,999.0,0,0,0,145855.35,OK,-489.94
2026-04-08 09:18:09+00:00,TANK_01,45583.25,90.69,42154.46,83.86,NORMAL,1,999.0,0,0,0,145855.35,OK,-3428.79
2026-04-08 09:18:09+00:00,TANK_02,50136.05,99.74,49646.11,98.77,NORMAL,1,999.0,0,0,0,145855.35,OK,-489.94
2026-04-08 09:18:09+00:00,TANK_03,50136.05,99.74,49646.11,98.77,NORMAL,1,999.0,0,0,0,145855.35,OK,-489.94
2026-04-08 09:18:26+00:00,TANK_01,45583.25,90.69,42154.46,83.86,NORMAL,1,999.0,0,0,0,145855.35,OK,-3428.79
2026-04-08 09:18:26+00:00,TANK_02,50136.05,99.74,49646.11,98.77,NORMAL,1,999.0,0,0,0,145855.35,OK,-489.94
2026-04-08 09:18:26+00:00,TANK_03,50136.05,99.74,49646.11,98.77,NORMAL,1,999.0,0,0,0,145855.35,OK,-489.94
2026-04-08 09:18:42+00:00,TANK_01,45583.25,90.69,42154.46,83.86,NORMAL,1,999.0,0,0,0,145855.35,OK,-3428.79
2026-04-08 09:18:42+00:00,TANK_02,50136.05,99.74,49646.11,98.77,NORMAL,1,999.0,0,0,0,145855.35,OK,-489.94
2026-04-08 09:18:42+00:00,TANK_03,50136.05,99.74,49646.11,98.77,NORMAL,1,999.0,0,0,0,145855.35,OK,-489.94
2026-04-08 09:18:59+00:00,TANK_01,45583.25,90.69,42154.46,83.86,NORMAL,1,999.0,0,0,0,145855.35,OK,-3428.79
2026-04-08 09:18:59+00:00,TANK_02,50136.05,99.74,49646.11,98.77,NORMAL,1,999.0,0,0,0,145855.35,OK,-489.94
2026-04-08 09:18:59+00:00,TANK_03,50136.05,99.74,49646.11,98.77,NORMAL,1,999.0,0,0,0,145855.35,OK,-489.94
2026-04-08 09:19:16+00:00,TANK_01,45583.25,90.69,42154.46,83.86,NORMAL,1,999.0,0,0,0,145855.35,OK,-3428.79
2026-04-08 09:19:16+00:00,TANK_02,50136.05,99.74,49646.11,98.77,NORMAL,1,999.0,0,0,0,145855.35,OK,-489.94
2026-04-08 09:19:16+00:00,TANK_03,50136.05,99.74,49646.11,98.77,NORMAL,1,999.0,0,0,0,145855.35,OK,-489.94
2026-04-08 09:19:33+00:00,TANK_01,45583.25,90.69,42154.46,83.86,NORMAL,1,999.0,0,0,0,145855.35,OK,-3428.79
2026-04-08 09:19:33+00:00,TANK_02,50136.05,99.74,49646.11,98.77,NORMAL,1,999.0,0,0,0,145855.35,OK,-489.94
2026-04-08 09:19:33+00:00,TANK_03,50136.05,99.74,49646.11,98.77,NORMAL,1,999.0,0,0,0,145855.35,OK,-489.94
2026-04-08 09:19:50+00:00,TANK_01,45583.25,90.69,42154.46,83.86,NORMAL,1,999.0,0,0,0,145855.35,OK,-3428.79
2026-04-08 09:19:50+00:00,TANK_02,50136.05,99.74,49646.11,98.77,NORMAL,1,999.0,0,0,0,145855.35,OK,-489.94
2026-04-08 09:19:50+00:00,TANK_03,50136.05,99.74,49646.11,98.77,NORMAL,1,999.0,0,0,0,145855.35,OK,-489.94
2026-04-08 09:20:07+00:00,TANK_01,45583.25,90.69,42154.46,83.86,NORMAL,1,999.0,0,0,0,145855.35,OK,-3428.79
2026-04-08 09:20:07+00:00,TANK_02,50136.05,99.74,49646.11,98.77,NORMAL,1,999.0,0,0,0,145855.35,OK,-489.94
2026-04-08 09:20:07+00:00,TANK_03,50136.05,99.74,49646.11,98.77,NORMAL,1,999.0,0,0,0,145855.35,OK,-489.94
2026-04-08 09:20:24+00:00,TANK_01,45583.25,90.69,42154.46,83.86,NORMAL,1,999.0,0,0,0,145855.35,OK,-3428.79
2026-04-08 09:20:24+00:00,TANK_02,50136.05,99.74,49646.11,98.77,NORMAL,1,999.0,0,0,0,145855.35,OK,-489.94
2026-04-08 09:20:24+00:00,TANK_03,50136.05,99.74,49646.11,98.77,NORMAL,1,999.0,0,0,0,145855.35,OK,-489.94
2026-04-08 09:20:41+00:00,TANK_01,45583.25,90.69,42154.46,83.86,NORMAL,1,999.0,0,0,0,145855.35,OK,-3428.79
2026-04-08 09:20:41+00:00,TANK_02,50136.05,99.74,49646.11,98.77,NORMAL,1,999.0,0,0,0,145855.35,OK,-489.94
2026-04-08 09:20:41+00:00,TANK_03,50136.05,99.74,49646.11,98.77,NORMAL,1,999.0,0,0,0,145855.35,OK,-489.94
2026-04-08 09:20:58+00:00,TANK_01,45583.25,90.69,42154.46,83.86,NORMAL,1,999.0,0,0,0,145855.35,OK,-3428.79
2026-04-08 09:20:58+00:00,TANK_02,50136.05,99.74,49646.11,98.77,NORMAL,1,999.0,0,0,0,145855.35,OK,-489.94
2026-04-08 09:20:58+00:00,TANK_03,50136.05,99.74,49646.11,98.77,NORMAL,1,999.0,0,0,0,145855.35,OK,-489.94
2026-04-08 09:21:15+00:00,TANK_01,45583.25,90.69,42154.46,83.86,NORMAL,1,999.0,0,0,0,145855.35,OK,-3428.79
2026-04-08 09:21:15+00:00,TANK_02,50136.05,99.74,49646.11,98.77,NORMAL,1,999.0,0,0,0,145855.35,OK,-489.94
2026-04-08 09:21:15+00:00,TANK_03,50136.05,99.74,49646.11,98.77,NORMAL,1,999.0,0,0,0,145855.35,OK,-489.94
2026-04-08 09:21:32+00:00,TANK_01,45583.25,90.69,42154.46,83.86,NORMAL,1,999.0,0,0,0,145855.35,OK,-3428.79
2026-04-08 09:21:32+00:00,TANK_02,50136.05,99.74,49646.11,98.77,NORMAL,1,999.0,0,0,0,145855.35,OK,-489.94
2026-04-08 09:21:32+00:00,TANK_03,50136.05,99.74,49646.11,98.77,NORMAL,1,999.0,0,0,0,145855.35,OK,-489.94
2026-04-08 09:21:49+00:00,TANK_01,45583.25,90.69,42154.46,83.86,NORMAL,1,999.0,0,0,0,145855.35,OK,-3428.79
2026-04-08 09:21:49+00:00,TANK_02,50136.05,99.74,49646.11,98.77,NORMAL,1,999.0,0,0,0,145855.35,OK,-489.94
2026-04-08 09:21:49+00:00,TANK_03,50136.05,99.74,49646.11,98.77,NORMAL,1,999.0,0,0,0,145855.35,OK,-489.94
2026-04-08 09:22:05+00:00,TANK_01,45583.25,90.69,42154.46,83.86,NORMAL,1,999.0,0,0,0,145855.35,OK,-3428.79
2026-04-08 09:22:05+00:00,TANK_02,50136.05,99.74,49646.11,98.77,NORMAL,1,999.0,0,0,0,145855.35,OK,-489.94
2026-04-08 09:22:05+00:00,TANK_03,50136.05,99.74,49646.11,98.77,NORMAL,1,999.0,0,0,0,145855.35,OK,-489.94
2026-04-08 09:22:22+00:00,TANK_01,45583.25,90.69,42154.46,83.86,NORMAL,1,999.0,0,0,0,145855.35,OK,-3428.79
2026-04-08 09:22:22+00:00,TANK_02,50136.05,99.74,49646.11,98.77,NORMAL,1,999.0,0,0,0,145855.35,OK,-489.94
2026-04-08 09:22:22+00:00,TANK_03,50136.05,99.74,49646.11,98.77,NORMAL,1,999.0,0,0,0,145855.35,OK,-489.94
2026-04-08 09:22:39+00:00,TANK_01,45583.25,90.69,42154.46,83.86,NORMAL,1,999.0,0,0,0,145855.35,OK,-3428.79
2026-04-08 09:22:39+00:00,TANK_02,50136.05,99.74,49646.11,98.77,NORMAL,1,999.0,0,0,0,145855.35,OK,-489.94
2026-04-08 09:22:39+00:00,TANK_03,50136.05,99.74,49646.11,98.77,NORMAL,1,999.0,0,0,0,145855.35,OK,-489.94
2026-04-08 09:22:56+00:00,TANK_01,45583.25,90.69,42154.46,83.86,NORMAL,1,999.0,0,0,0,145855.35,OK,-3428.79
2026-04-08 09:22:56+00:00,TANK_02,50136.05,99.74,49646.11,98.77,NORMAL,1,999.0,0,0,0,145855.35,OK,-489.94
2026-04-08 09:22:56+00:00,TANK_03,50136.05,99.74,49646.11,98.77,NORMAL,1,999.0,0,0,0,145855.35,OK,-489.94
2026-04-08 09:23:13+00:00,TANK_01,45583.25,90.69,42154.46,83.86,NORMAL,1,999.0,0,0,0,145855.35,OK,-3428.79
2026-04-08 09:23:13+00:00,TANK_02,50136.05,99.74,49646.11,98.77,NORMAL,1,999.0,0,0,0,145855.35,OK,-489.94
2026-04-08 09:23:13+00:00,TANK_03,50136.05,99.74,49646.11,98.77,NORMAL,1,999.0,0,0,0,145855.35,OK,-489.94
2026-04-08 09:23:29+00:00,TANK_01,45583.25,90.69,42154.46,83.86,NORMAL,1,999.0,0,0,0,145855.35,OK,-3428.79
2026-04-08 09:23:29+00:00,TANK_02,50136.05,99.74,49646.11,98.77,NORMAL,1,999.0,0,0,0,145855.35,OK,-489.94
2026-04-08 09:23:29+00:00,TANK_03,50136.05,99.74,49646.11,98.77,NORMAL,1,999.0,0,0,0,145855.35,OK,-489.94
2026-04-08 09:23:47+00:00,TANK_01,45583.25,90.69,42154.46,83.86,NORMAL,1,999.0,0,0,0,145855.35,OK,-3428.79
2026-04-08 09:23:47+00:00,TANK_02,50136.05,99.74,49646.11,98.77,NORMAL,1,999.0,0,0,0,145855.35,OK,-489.94
2026-04-08 09:23:47+00:00,TANK_03,50136.05,99.74,49646.11,98.77,NORMAL,1,999.0,0,0,0,145855.35,OK,-489.94
2026-04-08 09:24:04+00:00,TANK_01,45583.25,90.69,42154.46,83.86,NORMAL,1,999.0,0,0,0,145855.35,OK,-3428.79
2026-04-08 09:24:04+00:00,TANK_02,50136.05,99.74,49646.11,98.77,NORMAL,1,999.0,0,0,0,145855.35,OK,-489.94
2026-04-08 09:24:04+00:00,TANK_03,50136.05,99.74,49646.11,98.77,NORMAL,1,999.0,0,0,0,145855.35,OK,-489.94
2026-04-08 09:24:20+00:00,TANK_01,45583.25,90.69,42154.46,83.86,NORMAL,1,999.0,0,0,0,145855.35,OK,-3428.79
2026-04-08 09:24:20+00:00,TANK_02,50136.05,99.74,49646.11,98.77,NORMAL,1,999.0,0,0,0,145855.35,OK,-489.94
2026-04-08 09:24:20+00:00,TANK_03,50136.05,99.74,49646.11,98.77,NORMAL,1,999.0,0,0,0,145855.35,OK,-489.94
2026-04-08 09:24:37+00:00,TANK_01,45583.25,90.69,42154.46,83.86,NORMAL,1,999.0,0,0,0,145855.35,OK,-3428.79
2026-04-08 09:24:37+00:00,TANK_02,50136.05,99.74,49646.11,98.77,NORMAL,1,999.0,0,0,0,145855.35,OK,-489.94
2026-04-08 09:24:37+00:00,TANK_03,50136.05,99.74,49646.11,98.77,NORMAL,1,999.0,0,0,0,145855.35,OK,-489.94
2026-04-08 09:24:54+00:00,TANK_01,45583.25,90.69,42154.46,83.86,NORMAL,1,999.0,0,0,0,145855.35,OK,-3428.79
2026-04-08 09:24:54+00:00,TANK_02,50136.05,99.74,49646.11,98.77,NORMAL,1,999.0,0,0,0,145855.35,OK,-489.94
2026-04-08 09:24:54+00:00,TANK_03,50136.05,99.74,49646.11,98.77,NORMAL,1,999.0,0,0,0,145855.35,OK,-489.94
2026-04-08 09:25:11+00:00,TANK_01,45583.25,90.69,42154.46,83.86,NORMAL,1,999.0,0,0,0,145855.35,OK,-3428.79
2026-04-08 09:25:11+00:00,TANK_02,50136.05,99.74,49646.11,98.77,NORMAL,1,999.0,0,0,0,145855.35,OK,-489.94
2026-04-08 09:25:11+00:00,TANK_03,50136.05,99.74,49646.11,98.77,NORMAL,1,999.0,0,0,0,145855.35,OK,-489.94
2026-04-08 09:25:28+00:00,TANK_01,45583.25,90.69,42154.46,83.86,NORMAL,1,999.0,0,0,0,145855.35,OK,-3428.79
2026-04-08 09:25:28+00:00,TANK_02,50136.05,99.74,49646.11,98.77,NORMAL,1,999.0,0,0,0,145855.35,OK,-489.94
2026-04-08 09:25:28+00:00,TANK_03,50136.05,99.74,49646.11,98.77,NORMAL,1,999.0,0,0,0,145855.35,OK,-489.94
2026-04-08 09:25:45+00:00,TANK_01,45583.25,90.69,42154.46,83.86,NORMAL,1,999.0,0,0,0,145855.35,OK,-3428.79
2026-04-08 09:25:45+00:00,TANK_02,50136.05,99.74,49646.11,98.77,NORMAL,1,999.0,0,0,0,145855.35,OK,-489.94
2026-04-08 09:25:45+00:00,TANK_03,50136.05,99.74,49646.11,98.77,NORMAL,1,999.0,0,0,0,145855.35,OK,-489.94
2026-04-08 09:26:02+00:00,TANK_01,45583.25,90.69,42154.46,83.86,NORMAL,1,999.0,0,0,0,145855.35,OK,-3428.79
2026-04-08 09:26:02+00:00,TANK_02,50136.05,99.74,49646.11,98.77,NORMAL,1,999.0,0,0,0,145855.35,OK,-489.94
2026-04-08 09:26:02+00:00,TANK_03,50136.05,99.74,49646.11,98.77,NORMAL,1,999.0,0,0,0,145855.35,OK,-489.94
2026-04-08 09:26:18+00:00,TANK_01,45583.25,90.69,42154.46,83.86,NORMAL,1,999.0,0,0,0,145855.35,OK,-3428.79
2026-04-08 09:26:18+00:00,TANK_02,50136.05,99.74,49646.11,98.77,NORMAL,1,999.0,0,0,0,145855.35,OK,-489.94
2026-04-08 09:26:18+00:00,TANK_03,50136.05,99.74,49646.11,98.77,NORMAL,1,999.0,0,0,0,145855.35,OK,-489.94
2026-04-08 09:26:35+00:00,TANK_01,45583.25,90.69,42154.46,83.86,NORMAL,1,999.0,0,0,0,145855.35,OK,-3428.79
2026-04-08 09:26:35+00:00,TANK_02,50136.05,99.74,49646.11,98.77,NORMAL,1,999.0,0,0,0,145855.35,OK,-489.94
2026-04-08 09:26:35+00:00,TANK_03,50136.05,99.74,49646.11,98.77,NORMAL,1,999.0,0,0,0,145855.35,OK,-489.94
2026-04-08 09:26:53+00:00,TANK_01,45583.25,90.69,42154.46,83.86,NORMAL,1,999.0,0,0,0,145855.35,OK,-3428.79
2026-04-08 09:26:53+00:00,TANK_02,50136.05,99.74,49646.11,98.77,NORMAL,1,999.0,0,0,0,145855.35,OK,-489.94
2026-04-08 09:26:53+00:00,TANK_03,50136.05,99.74,49646.11,98.77,NORMAL,1,999.0,0,0,0,145855.35,OK,-489.94
2026-04-08 09:27:09+00:00,TANK_01,45583.25,90.69,42154.46,83.86,NORMAL,1,999.0,0,0,0,145855.35,OK,-3428.79
2026-04-08 09:27:09+00:00,TANK_02,50136.05,99.74,49646.11,98.77,NORMAL,1,999.0,0,0,0,145855.35,OK,-489.94
2026-04-08 09:27:09+00:00,TANK_03,50136.05,99.74,49646.11,98.77,NORMAL,1,999.0,0,0,0,145855.35,OK,-489.94
2026-04-08 09:27:27+00:00,TANK_01,45583.25,90.69,42154.46,83.86,NORMAL,1,999.0,0,0,0,145855.35,OK,-3428.79
2026-04-08 09:27:27+00:00,TANK_02,50136.05,99.74,49646.11,98.77,NORMAL,1,999.0,0,0,0,145855.35,OK,-489.94
2026-04-08 09:27:27+00:00,TANK_03,50136.05,99.74,49646.11,98.77,NORMAL,1,999.0,0,0,0,145855.35,OK,-489.94
2026-04-08 09:27:45+00:00,TANK_01,45583.25,90.69,42154.46,83.86,NORMAL,1,999.0,0,0,0,145855.35,OK,-3428.79
2026-04-08 09:27:45+00:00,TANK_02,50136.05,99.74,49646.11,98.77,NORMAL,1,999.0,0,0,0,145855.35,OK,-489.94
2026-04-08 09:27:45+00:00,TANK_03,50136.05,99.74,49646.11,98.77,NORMAL,1,999.0,0,0,0,145855.35,OK,-489.94
2026-04-08 09:28:01+00:00,TANK_01,45583.25,90.69,42154.46,83.86,NORMAL,1,999.0,0,0,0,145855.35,OK,-3428.79
2026-04-08 09:28:01+00:00,TANK_02,50136.05,99.74,49646.11,98.77,NORMAL,1,999.0,0,0,0,145855.35,OK,-489.94
2026-04-08 09:28:01+00:00,TANK_03,50136.05,99.74,49646.11,98.77,NORMAL,1,999.0,0,0,0,145855.35,OK,-489.94
2026-04-08 09:28:18+00:00,TANK_01,45583.25,90.69,42154.46,83.86,NORMAL,1,999.0,0,0,0,145855.35,OK,-3428.79
2026-04-08 09:28:18+00:00,TANK_02,50136.05,99.74,49646.11,98.77,NORMAL,1,999.0,0,0,0,145855.35,OK,-489.94
2026-04-08 09:28:18+00:00,TANK_03,50136.05,99.74,49646.11,98.77,NORMAL,1,999.0,0,0,0,145855.35,OK,-489.94
2026-04-08 09:28:35+00:00,TANK_01,45583.25,90.69,42154.46,83.86,NORMAL,1,999.0,0,0,0,145855.35,OK,-3428.79
2026-04-08 09:28:35+00:00,TANK_02,50136.05,99.74,49646.11,98.77,NORMAL,1,999.0,0,0,0,145855.35,OK,-489.94
2026-04-08 09:28:35+00:00,TANK_03,50136.05,99.74,49646.11,98.77,NORMAL,1,999.0,0,0,0,145855.35,OK,-489.94
2026-04-08 09:28:52+00:00,TANK_01,45583.25,90.69,42154.46,83.86,NORMAL,1,999.0,0,0,0,145855.35,OK,-3428.79
2026-04-08 09:28:52+00:00,TANK_02,50136.05,99.74,49646.11,98.77,NORMAL,1,999.0,0,0,0,145855.35,OK,-489.94
2026-04-08 09:28:52+00:00,TANK_03,50136.05,99.74,49646.11,98.77,NORMAL,1,999.0,0,0,0,145855.35,OK,-489.94
2026-04-08 09:29:08+00:00,TANK_01,45583.25,90.69,42154.46,83.86,NORMAL,1,999.0,0,0,0,145855.35,OK,-3428.79
2026-04-08 09:29:08+00:00,TANK_02,50136.05,99.74,49646.11,98.77,NORMAL,1,999.0,0,0,0,145855.35,OK,-489.94
2026-04-08 09:29:08+00:00,TANK_03,50136.05,99.74,49646.11,98.77,NORMAL,1,999.0,0,0,0,145855.35,OK,-489.94
2026-04-08 09:29:25+00:00,TANK_01,45583.25,90.69,42154.46,83.86,NORMAL,1,999.0,0,0,0,145855.35,OK,-3428.79
2026-04-08 09:29:25+00:00,TANK_02,50136.05,99.74,49646.11,98.77,NORMAL,1,999.0,0,0,0,145855.35,OK,-489.94
2026-04-08 09:29:25+00:00,TANK_03,50136.05,99.74,49646.11,98.77,NORMAL,1,999.0,0,0,0,145855.35,OK,-489.94
2026-04-08 09:29:42+00:00,TANK_01,45583.25,90.69,42154.46,83.86,NORMAL,1,999.0,0,0,0,145855.35,OK,-3428.79
2026-04-08 09:29:42+00:00,TANK_02,50136.05,99.74,49646.11,98.77,NORMAL,1,999.0,0,0,0,145855.35,OK,-489.94
2026-04-08 09:29:42+00:00,TANK_03,50136.05,99.74,49646.11,98.77,NORMAL,1,999.0,0,0,0,145855.35,OK,-489.94
2026-04-08 09:29:59+00:00,TANK_01,45583.25,90.69,42154.46,83.86,NORMAL,1,999.0,0,0,0,145855.35,OK,-3428.79
2026-04-08 09:29:59+00:00,TANK_02,50136.05,99.74,49646.11,98.77,NORMAL,1,999.0,0,0,0,145855.35,OK,-489.94
2026-04-08 09:29:59+00:00,TANK_03,50136.05,99.74,49646.11,98.77,NORMAL,1,999.0,0,0,0,145855.35,OK,-489.94
2026-04-08 09:30:16+00:00,TANK_01,45583.25,90.69,42154.46,83.86,NORMAL,1,999.0,0,0,0,145855.35,OK,-3428.79
2026-04-08 09:30:16+00:00,TANK_02,50136.05,99.74,49646.11,98.77,NORMAL,1,999.0,0,0,0,145855.35,OK,-489.94
2026-04-08 09:30:16+00:00,TANK_03,50136.05,99.74,49646.11,98.77,NORMAL,1,999.0,0,0,0,145855.35,OK,-489.94
2026-04-08 09:30:33+00:00,TANK_01,45583.25,90.69,42154.46,83.86,NORMAL,1,999.0,0,0,0,145855.35,OK,-3428.79
2026-04-08 09:30:33+00:00,TANK_02,50136.05,99.74,49646.11,98.77,NORMAL,1,999.0,0,0,0,145855.35,OK,-489.94
2026-04-08 09:30:33+00:00,TANK_03,50136.05,99.74,49646.11,98.77,NORMAL,1,999.0,0,0,0,145855.35,OK,-489.94
2026-04-08 09:30:50+00:00,TANK_01,45583.25,90.69,42154.46,83.86,NORMAL,1,999.0,0,0,0,145855.35,OK,-3428.79
2026-04-08 09:30:50+00:00,TANK_02,50136.05,99.74,49646.11,98.77,NORMAL,1,999.0,0,0,0,145855.35,OK,-489.94
2026-04-08 09:30:50+00:00,TANK_03,50136.05,99.74,49646.11,98.77,NORMAL,1,999.0,0,0,0,145855.35,OK,-489.94
2026-04-08 09:31:07+00:00,TANK_01,45583.25,90.69,42154.46,83.86,NORMAL,1,999.0,0,0,0,145855.35,OK,-3428.79
2026-04-08 09:31:07+00:00,TANK_02,50136.05,99.74,49646.11,98.77,NORMAL,1,999.0,0,0,0,145855.35,OK,-489.94
2026-04-08 09:31:07+00:00,TANK_03,50136.05,99.74,49646.11,98.77,NORMAL,1,999.0,0,0,0,145855.35,OK,-489.94
2026-04-08 09:31:24+00:00,TANK_01,45583.25,90.69,42154.46,83.86,NORMAL,1,999.0,0,0,0,145855.35,OK,-3428.79
2026-04-08 09:31:24+00:00,TANK_02,50136.05,99.74,49646.11,98.77,NORMAL,1,999.0,0,0,0,145855.35,OK,-489.94
2026-04-08 09:31:24+00:00,TANK_03,50136.05,99.74,49646.11,98.77,NORMAL,1,999.0,0,0,0,145855.35,OK,-489.94
2026-04-08 09:31:40+00:00,TANK_01,45583.25,90.69,42154.46,83.86,NORMAL,1,999.0,0,0,0,145855.35,OK,-3428.79
2026-04-08 09:31:40+00:00,TANK_02,50136.05,99.74,49646.11,98.77,NORMAL,1,999.0,0,0,0,145855.35,OK,-489.94
2026-04-08 09:31:40+00:00,TANK_03,50136.05,99.74,49646.11,98.77,NORMAL,1,999.0,0,0,0,145855.35,OK,-489.94
2026-04-08 09:31:57+00:00,TANK_01,45583.25,90.69,42154.46,83.86,NORMAL,1,999.0,0,0,0,145855.35,OK,-3428.79
2026-04-08 09:31:57+00:00,TANK_02,50136.05,99.74,49646.11,98.77,NORMAL,1,999.0,0,0,0,145855.35,OK,-489.94
2026-04-08 09:31:57+00:00,TANK_03,50136.05,99.74,49646.11,98.77,NORMAL,1,999.0,0,0,0,145855.35,OK,-489.94
2026-04-08 09:32:14+00:00,TANK_01,45583.25,90.69,42154.46,83.86,NORMAL,1,999.0,0,0,0,145855.35,OK,-3428.79
2026-04-08 09:32:14+00:00,TANK_02,50136.05,99.74,49646.11,98.77,NORMAL,1,999.0,0,0,0,145855.35,OK,-489.94
2026-04-08 09:32:14+00:00,TANK_03,50136.05,99.74,49646.11,98.77,NORMAL,1,999.0,0,0,0,145855.35,OK,-489.94
2026-04-08 09:32:31+00:00,TANK_01,45583.25,90.69,42154.46,83.86,NORMAL,1,999.0,0,0,0,145855.35,OK,-3428.79
2026-04-08 09:32:31+00:00,TANK_02,50136.05,99.74,49646.11,98.77,NORMAL,1,999.0,0,0,0,145855.35,OK,-489.94
2026-04-08 09:32:31+00:00,TANK_03,50136.05,99.74,49646.11,98.77,NORMAL,1,999.0,0,0,0,145855.35,OK,-489.94
2026-04-08 09:32:47+00:00,TANK_01,45583.25,90.69,42154.46,83.86,NORMAL,1,999.0,0,0,0,145855.35,OK,-3428.79
2026-04-08 09:32:47+00:00,TANK_02,50136.05,99.74,49646.11,98.77,NORMAL,1,999.0,0,0,0,145855.35,OK,-489.94
2026-04-08 09:32:47+00:00,TANK_03,50136.05,99.74,49646.11,98.77,NORMAL,1,999.0,0,0,0,145855.35,OK,-489.94
2026-04-08 09:33:04+00:00,TANK_01,45583.25,90.69,42154.46,83.86,NORMAL,1,999.0,0,0,0,145855.35,OK,-3428.79
2026-04-08 09:33:04+00:00,TANK_02,50136.05,99.74,49646.11,98.77,NORMAL,1,999.0,0,0,0,145855.35,OK,-489.94
2026-04-08 09:33:04+00:00,TANK_03,50136.05,99.74,49646.11,98.77,NORMAL,1,999.0,0,0,0,145855.35,OK,-489.94
2026-04-08 09:33:21+00:00,TANK_01,45583.25,90.69,42154.46,83.86,NORMAL,1,999.0,0,0,0,145855.35,OK,-3428.79
2026-04-08 09:33:21+00:00,TANK_02,50136.05,99.74,49646.11,98.77,NORMAL,1,999.0,0,0,0,145855.35,OK,-489.94
2026-04-08 09:33:21+00:00,TANK_03,50136.05,99.74,49646.11,98.77,NORMAL,1,999.0,0,0,0,145855.35,OK,-489.94
2026-04-08 09:33:39+00:00,TANK_01,45583.25,90.69,42154.46,83.86,NORMAL,1,999.0,0,0,0,145855.35,OK,-3428.79
2026-04-08 09:33:39+00:00,TANK_02,50136.05,99.74,49646.11,98.77,NORMAL,1,999.0,0,0,0,145855.35,OK,-489.94
2026-04-08 09:33:39+00:00,TANK_03,50136.05,99.74,49646.11,98.77,NORMAL,1,999.0,0,0,0,145855.35,OK,-489.94
2026-04-08 09:33:55+00:00,TANK_01,45583.25,90.69,42154.46,83.86,NORMAL,1,999.0,0,0,0,145855.35,OK,-3428.79
2026-04-08 09:33:55+00:00,TANK_02,50136.05,99.74,49646.11,98.77,NORMAL,1,999.0,0,0,0,145855.35,OK,-489.94
2026-04-08 09:33:55+00:00,TANK_03,50136.05,99.74,49646.11,98.77,NORMAL,1,999.0,0,0,0,145855.35,OK,-489.94
2026-04-08 09:34:12+00:00,TANK_01,45583.25,90.69,42154.46,83.86,NORMAL,1,999.0,0,0,0,145855.35,OK,-3428.79
2026-04-08 09:34:12+00:00,TANK_02,50136.05,99.74,49646.11,98.77,NORMAL,1,999.0,0,0,0,145855.35,OK,-489.94
2026-04-08 09:34:12+00:00,TANK_03,50136.05,99.74,49646.11,98.77,NORMAL,1,999.0,0,0,0,145855.35,OK,-489.94
2026-04-08 09:34:29+00:00,TANK_01,45583.25,90.69,42154.46,83.86,NORMAL,1,999.0,0,0,0,145855.35,OK,-3428.79
2026-04-08 09:34:29+00:00,TANK_02,50136.05,99.74,49646.11,98.77,NORMAL,1,999.0,0,0,0,145855.35,OK,-489.94
2026-04-08 09:34:29+00:00,TANK_03,50136.05,99.74,49646.11,98.77,NORMAL,1,999.0,0,0,0,145855.35,OK,-489.94
2026-04-08 09:34:46+00:00,TANK_01,45583.25,90.69,42154.46,83.86,NORMAL,1,999.0,0,0,0,145855.35,OK,-3428.79
2026-04-08 09:34:46+00:00,TANK_02,50136.05,99.74,49646.11,98.77,NORMAL,1,999.0,0,0,0,145855.35,OK,-489.94
2026-04-08 09:34:46+00:00,TANK_03,50136.05,99.74,49646.11,98.77,NORMAL,1,999.0,0,0,0,145855.35,OK,-489.94
2026-04-08 09:35:03+00:00,TANK_01,45583.25,90.69,42154.46,83.86,NORMAL,1,999.0,0,0,0,145855.35,OK,-3428.79
2026-04-08 09:35:03+00:00,TANK_02,50136.05,99.74,49646.11,98.77,NORMAL,1,999.0,0,0,0,145855.35,OK,-489.94
2026-04-08 09:35:03+00:00,TANK_03,50136.05,99.74,49646.11,98.77,NORMAL,1,999.0,0,0,0,145855.35,OK,-489.94
2026-04-08 09:35:19+00:00,TANK_01,45583.25,90.69,42154.46,83.86,NORMAL,1,999.0,0,0,0,145855.35,OK,-3428.79
2026-04-08 09:35:19+00:00,TANK_02,50136.05,99.74,49646.11,98.77,NORMAL,1,999.0,0,0,0,145855.35,OK,-489.94
2026-04-08 09:35:19+00:00,TANK_03,50136.05,99.74,49646.11,98.77,NORMAL,1,999.0,0,0,0,145855.35,OK,-489.94
2026-04-08 09:35:36+00:00,TANK_01,45583.25,90.69,42154.46,83.86,NORMAL,1,999.0,0,0,0,145855.35,OK,-3428.79
2026-04-08 09:35:36+00:00,TANK_02,50136.05,99.74,49646.11,98.77,NORMAL,1,999.0,0,0,0,145855.35,OK,-489.94
2026-04-08 09:35:36+00:00,TANK_03,50136.05,99.74,49646.11,98.77,NORMAL,1,999.0,0,0,0,145855.35,OK,-489.94
2026-04-08 09:35:53+00:00,TANK_01,45583.25,90.69,42154.46,83.86,NORMAL,1,999.0,0,0,0,145855.35,OK,-3428.79
2026-04-08 09:35:53+00:00,TANK_02,50136.05,99.74,49646.11,98.77,NORMAL,1,999.0,0,0,0,145855.35,OK,-489.94
2026-04-08 09:35:53+00:00,TANK_03,50136.05,99.74,49646.11,98.77,NORMAL,1,999.0,0,0,0,145855.35,OK,-489.94
2026-04-08 09:36:10+00:00,TANK_01,45583.25,90.69,42154.46,83.86,NORMAL,1,999.0,0,0,0,145855.35,OK,-3428.79
2026-04-08 09:36:10+00:00,TANK_02,50136.05,99.74,49646.11,98.77,NORMAL,1,999.0,0,0,0,145855.35,OK,-489.94
2026-04-08 09:36:10+00:00,TANK_03,50136.05,99.74,49646.11,98.77,NORMAL,1,999.0,0,0,0,145855.35,OK,-489.94
2026-04-08 09:36:27+00:00,TANK_01,45583.25,90.69,42154.46,83.86,NORMAL,1,999.0,0,0,0,145855.35,OK,-3428.79
2026-04-08 09:36:27+00:00,TANK_02,50136.05,99.74,49646.11,98.77,NORMAL,1,999.0,0,0,0,145855.35,OK,-489.94
2026-04-08 09:36:27+00:00,TANK_03,50136.05,99.74,49646.11,98.77,NORMAL,1,999.0,0,0,0,145855.35,OK,-489.94
2026-04-08 09:36:43+00:00,TANK_01,45583.25,90.69,42154.46,83.86,NORMAL,1,999.0,0,0,0,145855.35,OK,-3428.79
2026-04-08 09:36:43+00:00,TANK_02,50136.05,99.74,49646.11,98.77,NORMAL,1,999.0,0,0,0,145855.35,OK,-489.94
2026-04-08 09:36:43+00:00,TANK_03,50136.05,99.74,49646.11,98.77,NORMAL,1,999.0,0,0,0,145855.35,OK,-489.94
